rank,entry_comparison,exit,level,bootstrap_samples,cluster_count,mean_diff_ci_low,mean_diff_ci_high,median_diff_ci_low,median_diff_ci_high,research_only,execution_allowed,live_order_allowed,order_preview_allowed,broker_account_access_allowed,positions_access_allowed,balance_access_allowed,threshold_optimization_allowed,future_information_allowed,synthetic_intraday_data_allowed,consumable_by_production
S,09:45_minus_Open,D1,candidate,500,4,-0.021230266486689145,0.012686672717152375,-0.03717479755059583,0.02094689722407328,True,False,False,False,False,False,False,False,False,False,False
S,09:45_minus_Open,D1,ticker_episode,500,4,-0.024279095133046172,0.012686672717152375,-0.03196028261274744,0.02094689722407328,True,False,False,False,False,False,False,False,False,False,False
S,09:45_minus_Open,D1,market_episode,500,4,-0.13825743505310273,0.006028669949458845,-0.18257404832557597,0.017364935134600728,True,False,False,False,False,False,False,False,False,False,False
S,09:45_minus_Open,D1,weakest_selected,500,4,-0.058221406065071146,0.025195869721829106,-0.07926801457954646,0.026612193887747715,True,False,False,False,False,False,False,False,False,False,False
S,10:00_minus_Open,D1,candidate,500,4,-0.026622285508222376,0.003993815864386673,-0.028386476124874882,0.006849278317543561,True,False,False,False,False,False,False,False,False,False,False
S,10:00_minus_Open,D1,ticker_episode,500,4,-0.02887158268706301,0.0033624078260865546,-0.03303007366821051,0.006849278317543561,True,False,False,False,False,False,False,False,False,False,False
S,10:00_minus_Open,D1,market_episode,500,4,-0.14731190317597048,-0.000200439396083748,-0.19519313922788115,0.0032673162280710084,True,False,False,False,False,False,False,False,False,False,False
S,10:00_minus_Open,D1,weakest_selected,500,4,-0.04081149222834202,0.007603909339734705,-0.05323650833180915,0.007855453013798419,True,False,False,False,False,False,False,False,False,False,False
S,10:30_minus_Open,D1,candidate,500,4,-0.02558913368623067,0.0011528008111537829,-0.020201468836013037,0.009974693829840287,True,False,False,False,False,False,False,False,False,False,False
S,10:30_minus_Open,D1,ticker_episode,500,4,-0.03026620580161065,0.0010146730904913122,-0.03466702247566569,0.009974693829840287,True,False,False,False,False,False,False,False,False,False,False
S,10:30_minus_Open,D1,market_episode,500,4,-0.15122003934041967,-0.002875646348231466,-0.19634543664952125,0.006392731740367734,True,False,False,False,False,False,False,False,False,False,False
S,10:30_minus_Open,D1,weakest_selected,500,4,-0.03516805223181771,0.005875608795101593,-0.046510246650346754,0.009974693829840287,True,False,False,False,False,False,False,False,False,False,False
S,09:45_minus_Open,D2,candidate,500,4,-0.02346920420322759,0.012239360311586733,-0.04060380171449873,0.01995435509094612,True,False,False,False,False,False,False,False,False,False,False
S,09:45_minus_Open,D2,ticker_episode,500,4,-0.02695062938465055,0.012239360311586733,-0.03548762021248131,0.01995435509094612,True,False,False,False,False,False,False,False,False,False,False
S,09:45_minus_Open,D2,market_episode,500,4,-0.1487415741797603,-0.007610305312224223,-0.18967495071997265,0.00021616444540739632,True,False,False,False,False,False,False,False,False,False,False
S,09:45_minus_Open,D2,weakest_selected,500,4,-0.06998457291146931,0.19909727701205712,-0.09936534410843989,0.2588115843190941,True,False,False,False,False,False,False,False,False,False,False
S,10:00_minus_Open,D2,candidate,500,4,-0.028108990180658842,0.0039814089754021615,-0.031004845322400332,0.0065247339595436715,True,False,False,False,False,False,False,False,False,False,False
S,10:00_minus_Open,D2,ticker_episode,500,4,-0.03070027422360149,0.00338266088172616,-0.036614500885949586,0.0065247339595436715,True,False,False,False,False,False,False,False,False,False,False
S,10:00_minus_Open,D2,market_episode,500,4,-0.15864045256862835,-0.017768075714512364,-0.20355537425473463,-0.01321345668599505,True,False,False,False,False,False,False,False,False,False,False
S,10:00_minus_Open,D2,weakest_selected,500,4,-0.053146100276766084,0.17828320658245808,-0.073036378355536,0.23553603079009622,True,False,False,False,False,False,False,False,False,False,False
S,10:30_minus_Open,D2,candidate,500,4,-0.027638875153585485,0.0003995190935387376,-0.023275553528997905,0.009502055625467909,True,False,False,False,False,False,False,False,False,False,False
S,10:30_minus_Open,D2,ticker_episode,500,4,-0.032883765086488236,0.0003995190935387376,-0.03885943967072769,0.009502055625467909,True,False,False,False,False,False,False,False,False,False,False
S,10:30_minus_Open,D2,market_episode,500,4,-0.16135047784802808,-0.014769516216283661,-0.20567741719573002,-0.010236135020070813,True,False,False,False,False,False,False,False,False,False,False
S,10:30_minus_Open,D2,weakest_selected,500,4,-0.04729942834273407,0.17065421374481854,-0.06623325633213473,0.22437159978460208,True,False,False,False,False,False,False,False,False,False,False
S,09:45_minus_Open,D3,candidate,500,4,-0.017343269494075268,0.01336400095366419,-0.023049688133255364,0.021345763708713772,True,False,False,False,False,False,False,False,False,False,False
S,09:45_minus_Open,D3,ticker_episode,500,4,-0.017515597859301672,0.01336400095366419,-0.023049688133255364,0.021345763708713772,True,False,False,False,False,False,False,False,False,False,False
S,09:45_minus_Open,D3,market_episode,500,4,-0.24926300112646851,0.03238058641296329,-0.3246674387908729,0.05085734459503617,True,False,False,False,False,False,False,False,False,False,False
S,09:45_minus_Open,D3,weakest_selected,500,4,-0.06790447862781729,0.10930206913720442,-0.09350741915229455,0.13862083761336796,True,False,False,False,False,False,False,False,False,False,False
S,10:00_minus_Open,D3,candidate,500,4,-0.022370694258577045,0.004521741622898479,-0.02145497269157165,0.006979700858677829,True,False,False,False,False,False,False,False,False,False,False
S,10:00_minus_Open,D3,ticker_episode,500,4,-0.022370694258577045,0.00397162192306132,-0.02145497269157165,0.006979700858677829,True,False,False,False,False,False,False,False,False,False,False
S,10:00_minus_Open,D3,market_episode,500,4,-0.258393168651621,0.02200471813585726,-0.3373725673049708,0.03649128174500023,True,False,False,False,False,False,False,False,False,False,False
S,10:00_minus_Open,D3,weakest_selected,500,4,-0.04923543422784615,0.09014150814855831,-0.06616964072791132,0.11786211057851848,True,False,False,False,False,False,False,False,False,False,False
S,10:30_minus_Open,D3,candidate,500,4,-0.0209143931416913,0.005618074589855915,-0.02075872703484949,0.01016462988675193,True,False,False,False,False,False,False,False,False,False,False
S,10:30_minus_Open,D3,ticker_episode,500,4,-0.0209143931416913,0.005618074589855915,-0.02075872703484949,0.01016462988675193,True,False,False,False,False,False,False,False,False,False,False
S,10:30_minus_Open,D3,market_episode,500,4,-0.2564790067512326,0.027751760254597715,-0.33929814523469937,0.03967621077307433,True,False,False,False,False,False,False,False,False,False,False
S,10:30_minus_Open,D3,weakest_selected,500,4,-0.04178823178562757,0.08346983930538199,-0.059105852343087406,0.107904909111592,True,False,False,False,False,False,False,False,False,False,False
S,09:45_minus_Open,D5,candidate,500,4,-0.019045544777608895,0.015004643858960933,-0.025187626368759153,0.02337831659800349,True,False,False,False,False,False,False,False,False,False,False
S,09:45_minus_Open,D5,ticker_episode,500,4,-0.019227222299031777,0.015004643858960933,-0.025187626368759153,0.02337831659800349,True,False,False,False,False,False,False,False,False,False,False
S,09:45_minus_Open,D5,market_episode,500,4,-0.28013919480800725,0.07390768532117922,-0.36512305095442327,0.10693945588449201,True,False,False,False,False,False,False,False,False,False,False
S,09:45_minus_Open,D5,weakest_selected,500,4,-0.03477824699049875,0.04438851014964362,-0.04644044578924045,0.051391908000190334,True,False,False,False,False,False,False,False,False,False,False
S,10:00_minus_Open,D5,candidate,500,4,-0.022987477441572646,0.004378167370155111,-0.0232264979066239,0.0076443110052284435,True,False,False,False,False,False,False,False,False,False,False
S,10:00_minus_Open,D5,ticker_episode,500,4,-0.022987477441572646,0.0037895610043006886,-0.0232264979066239,0.0076443110052284435,True,False,False,False,False,False,False,False,False,False,False
S,10:00_minus_Open,D5,market_episode,500,4,-0.28912297465623943,0.06259746324213175,-0.3777551335727779,0.09120545029171696,True,False,False,False,False,False,False,False,False,False,False
S,10:00_minus_Open,D5,weakest_selected,500,4,-0.01903070012702368,0.024607747130686475,-0.03546167544908907,0.030262225839172485,True,False,False,False,False,False,False,False,False,False,False
S,10:30_minus_Open,D5,candidate,500,4,-0.020917907515000222,0.006094145618273095,-0.02112968216101785,0.011132510358343728,True,False,False,False,False,False,False,False,False,False,False
S,10:30_minus_Open,D5,ticker_episode,500,4,-0.020917907515000222,0.006094145618273095,-0.02112968216101785,0.011132510358343728,True,False,False,False,False,False,False,False,False,False,False
S,10:30_minus_Open,D5,market_episode,500,4,-0.2871729149621926,0.06876500008313949,-0.3798902370822772,0.09469364964483225,True,False,False,False,False,False,False,False,False,False,False
S,10:30_minus_Open,D5,weakest_selected,500,4,-0.013895671706633916,0.01787844567261032,-0.02523659253463384,0.020127090777365853,True,False,False,False,False,False,False,False,False,False,False
A,09:45_minus_Open,D1,candidate,500,4,-0.0010663170734857307,0.013919423468733063,-0.01585042400770531,0.02094689722407328,True,False,False,False,False,False,False,False,False,False,False
A,09:45_minus_Open,D1,ticker_episode,500,4,-0.0028476840179577556,0.011211120674767023,-0.01585042400770531,0.015080132648356948,True,False,False,False,False,False,False,False,False,False,False
A,09:45_minus_Open,D1,market_episode,500,4,-0.021285851328833733,-0.00025449255422517513,-0.025818474841930804,0.0022233368575472704,True,False,False,False,False,False,False,False,False,False,False
A,09:45_minus_Open,D1,weakest_selected,500,4,0.012791914669394333,0.05019424542777459,0.0016069323136895797,0.05147670665819659,True,False,False,False,False,False,False,False,False,False,False
A,10:00_minus_Open,D1,candidate,500,4,-0.007065549991966462,0.009384045951640902,-0.02672091705056423,0.006964847180094547,True,False,False,False,False,False,False,False,False,False,False
A,10:00_minus_Open,D1,ticker_episode,500,4,-0.011502360728986753,0.01153049815528625,-0.02672091705056423,0.014949254759375807,True,False,False,False,False,False,False,False,False,False,False
A,10:00_minus_Open,D1,market_episode,500,4,-0.02804392107879982,-0.005848624291491159,-0.03428078321435903,-0.00256312137061673,True,False,False,False,False,False,False,False,False,False,False
A,10:00_minus_Open,D1,weakest_selected,500,4,0.00867050930275376,0.03590214832344374,0.007041140947868119,0.03737908775166687,True,False,False,False,False,False,False,False,False,False,False
A,10:30_minus_Open,D1,candidate,500,4,-0.013273179643349203,0.013809573331598253,-0.024913096284769343,0.009974693829840287,True,False,False,False,False,False,False,False,False,False,False
A,10:30_minus_Open,D1,ticker_episode,500,4,-0.014315931186324403,0.01783865044309851,-0.031444593180846026,0.02824168228301549,True,False,False,False,False,False,False,False,False,False,False
A,10:30_minus_Open,D1,market_episode,500,4,-0.034695711185041875,0.0005782864786170816,-0.04269341503798138,0.007340302149241968,True,False,False,False,False,False,False,False,False,False,False
A,10:30_minus_Open,D1,weakest_selected,500,4,0.001992825094793149,0.04473277287050176,-0.0019557810421608757,0.04896104247703992,True,False,False,False,False,False,False,False,False,False,False
A,09:45_minus_Open,D2,candidate,500,4,0.0035453120168043254,0.013656224334419908,0.002010392618616963,0.02404087211824535,True,False,False,False,False,False,False,False,False,False,False
A,09:45_minus_Open,D2,ticker_episode,500,4,-0.0006957509277214482,0.011171308476001349,-0.0012928220799667267,0.014958400020695373,True,False,False,False,False,False,False,False,False,False,False
A,09:45_minus_Open,D2,market_episode,500,4,-0.025007157136078276,0.015828703474749854,-0.03002824325557335,0.020822386841095664,True,False,False,False,False,False,False,False,False,False,False
A,09:45_minus_Open,D2,weakest_selected,500,4,-0.05122110286376075,0.14868219989928727,-0.06550698282851175,0.2010307541888856,True,False,False,False,False,False,False,False,False,False,False
A,10:00_minus_Open,D2,candidate,500,4,-0.004783412337859894,0.009525855862299957,-0.0041547078919769165,0.010532972055495082,True,False,False,False,False,False,False,False,False,False,False
A,10:00_minus_Open,D2,ticker_episode,500,4,-0.00986163699087524,0.011666655809348173,-0.009656537536943621,0.01572397142136528,True,False,False,False,False,False,False,False,False,False,False
A,10:00_minus_Open,D2,market_episode,500,4,-0.02781894302778276,0.010308030665446496,-0.028792930715164436,0.016856227397741452,True,False,False,False,False,False,False,False,False,False,False
A,10:00_minus_Open,D2,weakest_selected,500,4,-0.04831902411497935,0.12786812946968823,-0.05716100411966907,0.1777552006598877,True,False,False,False,False,False,False,False,False,False,False
A,10:30_minus_Open,D2,candidate,500,4,-0.00706206412304594,0.018898572195523936,-0.01085209394199349,0.03139779902248674,True,False,False,False,False,False,False,False,False,False,False
A,10:30_minus_Open,D2,ticker_episode,500,4,-0.009278013232498848,0.022723886610972188,-0.014524578273957367,0.02989601650061452,True,False,False,False,False,False,False,False,False,False,False
A,10:30_minus_Open,D2,market_episode,500,4,-0.03246202635608962,0.021289547097621472,-0.037046712004183885,0.02729669800588236,True,False,False,False,False,False,False,False,False,False,False
A,10:30_minus_Open,D2,weakest_selected,500,4,-0.05071305759314576,0.12023913663204869,-0.061345489312532364,0.16659076965439357,True,False,False,False,False,False,False,False,False,False,False
A,09:45_minus_Open,D3,candidate,500,4,0.0040272581501987256,0.01558422446815291,0.0019472894953596054,0.02575560022197637,True,False,False,False,False,False,False,False,False,False,False
A,09:45_minus_Open,D3,ticker_episode,500,4,0.0005387004495317422,0.012968979051215296,-0.0012738355684344116,0.024487482802568517,True,False,False,False,False,False,False,False,False,False,False
A,09:45_minus_Open,D3,market_episode,500,4,-0.03135206245291983,0.016724735263115215,-0.03480099717278358,0.01954613335539101,True,False,False,False,False,False,False,False,False,False,False
A,09:45_minus_Open,D3,weakest_selected,500,4,-0.05037969785466437,0.07058130665419954,-0.08399904754896614,0.07728229179618573,True,False,False,False,False,False,False,False,False,False,False
A,10:00_minus_Open,D3,candidate,500,4,-0.0024075476835587503,0.009933670546828269,-0.004252528219581331,0.010797246915634828,True,False,False,False,False,False,False,False,False,False,False
A,10:00_minus_Open,D3,ticker_episode,500,4,-0.007350187000179666,0.011936281123021907,-0.008046996835881615,0.0158800137049509,True,False,False,False,False,False,False,False,False,False,False
A,10:00_minus_Open,D3,market_episode,500,4,-0.033865096289571316,0.01060308144792005,-0.04319729801026488,0.014927089898206932,True,False,False,False,False,False,False,False,False,False,False
A,10:00_minus_Open,D3,weakest_selected,500,4,-0.04786585853035305,0.051420745665553436,-0.07585857416653907,0.05652356476133624,True,False,False,False,False,False,False,False,False,False,False
A,10:30_minus_Open,D3,candidate,500,4,-0.004728868438389069,0.02144238192704598,-0.010584879851753715,0.035361374826001435,True,False,False,False,False,False,False,False,False,False,False
A,10:30_minus_Open,D3,ticker_episode,500,4,-0.007525429392441095,0.02535386930661147,-0.014866551534657324,0.030083149857248415,True,False,False,False,False,False,False,False,False,False,False
A,10:30_minus_Open,D3,market_episode,500,4,-0.03776305584839645,0.022582892722008283,-0.05072300558672651,0.025457490342429976,True,False,False,False,False,False,False,False,False,False,False
A,10:30_minus_Open,D3,weakest_selected,500,4,-0.050130713371685176,0.045956477283493335,-0.07994002363100661,0.046566363294409774,True,False,False,False,False,False,False,False,False,False,False
A,09:45_minus_Open,D5,candidate,500,4,0.003026213940560185,0.018038017347379812,0.0019473190977000732,0.031781784319628414,True,False,False,False,False,False,False,False,False,False,False
A,09:45_minus_Open,D5,ticker_episode,500,4,0.0003113473904164869,0.014792128101952951,-0.0012878275175355336,0.027864527988831878,True,False,False,False,False,False,False,False,False,False,False
A,09:45_minus_Open,D5,market_episode,500,4,-0.05916571503256248,0.04121612242034387,-0.07964178547795676,0.05420066445925171,True,False,False,False,False,False,False,False,False,False,False
A,09:45_minus_Open,D5,weakest_selected,500,4,-0.06652562566246534,0.14132830183319395,-0.1316298251989576,0.1486544246478948,True,False,False,False,False,False,False,False,False,False,False
A,10:00_minus_Open,D5,candidate,500,4,-0.0020990626145713674,0.010259291636018214,-0.004111653838538065,0.012040610467407564,True,False,False,False,False,False,False,False,False,False,False
A,10:00_minus_Open,D5,ticker_episode,500,4,-0.007663713825054987,0.011959163074378752,-0.007542419170567527,0.01615583604972537,True,False,False,False,False,False,False,False,False,False,False
A,10:00_minus_Open,D5,market_episode,500,4,-0.06848128444267777,0.03343739670898228,-0.08724451911878721,0.048647055750092864,True,False,False,False,False,False,False,False,False,False,False
A,10:00_minus_Open,D5,weakest_selected,500,4,-0.0658478465283128,0.12360464050587935,-0.12368289229974827,0.13292041905511975,True,False,False,False,False,False,False,False,False,False,False
A,10:30_minus_Open,D5,candidate,500,4,-0.003293879602076287,0.023274607833304158,-0.010333223385959878,0.04033510356953707,True,False,False,False,False,False,False,False,False,False,False
A,10:30_minus_Open,D5,ticker_episode,500,4,-0.006533622507920684,0.026693273864839405,-0.014374064210046611,0.03259071610948716,True,False,False,False,False,False,False,False,False,False,False
A,10:30_minus_Open,D5,market_episode,500,4,-0.06826332776758995,0.04645271290626822,-0.09361340979045257,0.05934131110802498,True,False,False,False,False,False,False,False,False,False,False
A,10:30_minus_Open,D5,weakest_selected,500,4,-0.07136993977239275,0.1220692352934921,-0.12766730493791933,0.13640861840823504,True,False,False,False,False,False,False,False,False,False,False
S+A,09:45_minus_Open,D1,candidate,500,4,-0.005477898350991512,0.013814606488168,-0.02086750096390233,0.02094689722407328,True,False,False,False,False,False,False,False,False,False,False
S+A,09:45_minus_Open,D1,ticker_episode,500,4,-0.006520785357041406,0.01038691150070309,-0.01585042400770531,0.015080132648356948,True,False,False,False,False,False,False,False,False,False,False
S+A,09:45_minus_Open,D1,market_episode,500,4,-0.08778642627453138,0.0008393706555651749,-0.11372777317310576,0.0054169784615312015,True,False,False,False,False,False,False,False,False,False,False
S+A,09:45_minus_Open,D1,weakest_selected,500,4,-0.027169307431062162,0.05019424542777459,-0.05167469715358575,0.05147670665819659,True,False,False,False,False,False,False,False,False,False,False
S+A,10:00_minus_Open,D1,candidate,500,4,-0.011416999103141309,0.007740562256429896,-0.027553696587719556,0.006849278317543561,True,False,False,False,False,False,False,False,False,False,False
S+A,10:00_minus_Open,D1,ticker_episode,500,4,-0.014434155222143266,0.0086420130273848,-0.02672091705056423,0.014949254759375807,True,False,False,False,False,False,False,False,False,False,False
S+A,10:00_minus_Open,D1,market_episode,500,4,-0.09426146990071174,-0.0045276590025307775,-0.12322927717800322,-0.0016972699362242279,True,False,False,False,False,False,False,False,False,False,False
S+A,10:00_minus_Open,D1,weakest_selected,500,4,-0.011364560669692741,0.03590214832344374,-0.025643190905848434,0.03737908775166687,True,False,False,False,False,False,False,False,False,False,False
S+A,10:30_minus_Open,D1,candidate,500,4,-0.016040096778204394,0.010610848271321518,-0.024642456430631954,0.009974693829840287,True,False,False,False,False,False,False,False,False,False,False
S+A,10:30_minus_Open,D1,ticker_episode,500,4,-0.01608517497470869,0.017881302695206262,-0.031444593180846026,0.02824168228301549,True,False,False,False,False,False,False,False,False,False,False
S+A,10:30_minus_Open,D1,market_episode,500,4,-0.10052452217607188,-0.0006486206333451072,-0.12982682540113,0.006511651581743976,True,False,False,False,False,False,False,False,False,False,False
S+A,10:30_minus_Open,D1,weakest_selected,500,4,-0.010436355133273456,0.04473277287050176,-0.018916929224386037,0.04896104247703992,True,False,False,False,False,False,False,False,False,False,False
S+A,09:45_minus_Open,D2,candidate,500,4,-0.003187909153307582,0.013450273309911064,-0.014382457177115449,0.01995435509094612,True,False,False,False,False,False,False,False,False,False,False
S+A,09:45_minus_Open,D2,ticker_episode,500,4,-0.004220055611119409,0.010374463956149034,-0.015814943794394187,0.014958400020695373,True,False,False,False,False,False,False,False,False,False,False
S+A,09:45_minus_Open,D2,market_episode,500,4,-0.09622522471157688,0.010476978782311595,-0.1269177023326001,0.015351902325917863,True,False,False,False,False,False,False,False,False,False,False
S+A,09:45_minus_Open,D2,weakest_selected,500,4,-0.05330417849742297,0.14868219989928727,-0.06828441700672805,0.2010307541888856,True,False,False,False,False,False,False,False,False,False,False
S+A,10:00_minus_Open,D2,candidate,500,4,-0.010614806798559629,0.007867160356616876,-0.02048739753178469,0.0065247339595436715,True,False,False,False,False,False,False,False,False,False,False
S+A,10:00_minus_Open,D2,ticker_episode,500,4,-0.012857937946527976,0.009174929248176356,-0.02018979376487321,0.01572397142136528,True,False,False,False,False,False,False,False,False,False,False
S+A,10:00_minus_Open,D2,market_episode,500,4,-0.10571259126332157,0.003797031574762042,-0.13699295299022654,0.009019877460551592,True,False,False,False,False,False,False,False,False,False,False
S+A,10:00_minus_Open,D2,weakest_selected,500,4,-0.03691485946559567,0.12786812946968823,-0.04195545125382416,0.1777552006598877,True,False,False,False,False,False,False,False,False,False,False
S+A,10:30_minus_Open,D2,candidate,500,4,-0.011565937590438682,0.014182460838610548,-0.011842172792777772,0.009502055625467909,True,False,False,False,False,False,False,False,False,False,False
S+A,10:30_minus_Open,D2,ticker_episode,500,4,-0.01087719534956996,0.021705720442388388,-0.015054972207173611,0.02989601650061452,True,False,False,False,False,False,False,False,False,False,False
S+A,10:30_minus_Open,D2,market_episode,500,4,-0.10819846162058327,0.01278280877345045,-0.14371379969223996,0.01759456083313833,True,False,False,False,False,False,False,False,False,False,False
S+A,10:30_minus_Open,D2,weakest_selected,500,4,-0.03106818753156365,0.12023913663204869,-0.035152329230422885,0.16659076965439357,True,False,False,False,False,False,False,False,False,False,False
S+A,09:45_minus_Open,D3,candidate,500,4,0.0013262733279305855,0.014659765130241743,-0.0012738355684344116,0.021345763708713772,True,False,False,False,False,False,False,False,False,False,False
S+A,09:45_minus_Open,D3,ticker_episode,500,4,-0.002904023702156794,0.011837141647981393,-0.007203964487980739,0.015625547465709044,True,False,False,False,False,False,False,False,False,False,False
S+A,09:45_minus_Open,D3,market_episode,500,4,-0.13785647150531918,0.022424156294502205,-0.18527283838536063,0.02843466534773455,True,False,False,False,False,False,False,False,False,False,False
S+A,09:45_minus_Open,D3,weakest_selected,500,4,-0.007423229247626589,0.07058130665419954,-0.026723756072915772,0.07728229179618573,True,False,False,False,False,False,False,False,False,False,False
S+A,10:00_minus_Open,D3,candidate,500,4,-0.006884196151442749,0.00831172093857689,-0.009424261201902318,0.006979700858677829,True,False,False,False,False,False,False,False,False,False,False
S+A,10:00_minus_Open,D3,ticker_episode,500,4,-0.010398053876277832,0.009848605563401173,-0.0107271002716108,0.0158800137049509,True,False,False,False,False,False,False,False,False,False,False
S+A,10:00_minus_Open,D3,market_episode,500,4,-0.14700776352855727,0.015086146359692923,-0.19474634614199607,0.021378867042337508,True,False,False,False,False,False,False,False,False,False,False
S+A,10:00_minus_Open,D3,weakest_selected,500,4,0.009488588858151847,0.051420745665553436,0.0006140223514674581,0.05652356476133624,True,False,False,False,False,False,False,False,False,False,False
S+A,10:30_minus_Open,D3,candidate,500,4,-0.008481997246617535,0.017779557460345555,-0.011760468425494108,0.018385198572623163,True,False,False,False,False,False,False,False,False,False,False
S+A,10:30_minus_Open,D3,ticker_episode,500,4,-0.00849072627059901,0.02415686735418058,-0.015184900339143548,0.030083149857248415,True,False,False,False,False,False,False,False,False,False,False
S+A,10:30_minus_Open,D3,market_episode,500,4,-0.1476647420798673,0.025543948624606017,-0.20087202130677442,0.030072899632523315,True,False,False,False,False,False,False,False,False,False,False
S+A,10:30_minus_Open,D3,weakest_selected,500,4,0.015582662403788305,0.045956477283493335,0.007677810736291368,0.046566363294409774,True,False,False,False,False,False,False,False,False,False,False
S+A,09:45_minus_Open,D5,candidate,500,4,0.0007015501199706359,0.016337720724613067,-0.0012878275175355336,0.02337831659800349,True,False,False,False,False,False,False,False,False,False,False
S+A,09:45_minus_Open,D5,ticker_episode,500,4,-0.0033455172849149173,0.013023722956699915,-0.007503574916228828,0.01661924631707612,True,False,False,False,False,False,False,False,False,False,False
S+A,09:45_minus_Open,D5,market_episode,500,4,-0.17957960803826184,0.05073960204940347,-0.23928699323033936,0.06780528688654772,True,False,False,False,False,False,False,False,False,False,False
S+A,09:45_minus_Open,D5,weakest_selected,500,4,-0.04739404271894099,0.14132830183319395,-0.10612104794092514,0.1486544246478948,True,False,False,False,False,False,False,False,False,False,False
S+A,10:00_minus_Open,D5,candidate,500,4,-0.007232491639126805,0.008304530024777879,-0.009268483134889371,0.0076443110052284435,True,False,False,False,False,False,False,False,False,False,False
S+A,10:00_minus_Open,D5,ticker_episode,500,4,-0.011390060565751864,0.010270923838767237,-0.011414924732631254,0.01615583604972537,True,False,False,False,False,False,False,False,False,False,False
S+A,10:00_minus_Open,D5,market_episode,500,4,-0.18881223005790637,0.04207800224612039,-0.24814706411555087,0.05970657895648481,True,False,False,False,False,False,False,False,False,False,False
S+A,10:00_minus_Open,D5,weakest_selected,500,4,-0.03329056655043869,0.12360464050587935,-0.08027318566258279,0.13292041905511975,True,False,False,False,False,False,False,False,False,False,False
S+A,10:30_minus_Open,D5,candidate,500,4,-0.0076998865803072705,0.018979492279546394,-0.011199242160415068,0.019892705720121695,True,False,False,False,False,False,False,False,False,False,False
S+A,10:30_minus_Open,D5,ticker_episode,500,4,-0.008182641145935683,0.02478992587712188,-0.014452599989031756,0.0304531194100659,True,False,False,False,False,False,False,False,False,False,False
S+A,10:30_minus_Open,D5,market_episode,500,4,-0.1881612476280788,0.05338137360433679,-0.2534575079966747,0.06859932031321272,True,False,False,False,False,False,False,False,False,False,False
S+A,10:30_minus_Open,D5,weakest_selected,500,4,-0.030815242777050472,0.1220692352934921,-0.07359437561079629,0.13640861840823504,True,False,False,False,False,False,False,False,False,False,False
