entry,exit,level,matched_market_episode_n,s_mean,a_mean,s_minus_a_mean,s_minus_a_median,s_wins,a_wins,ties,sign_test_p,research_only,execution_allowed,live_order_allowed,order_preview_allowed,broker_account_access_allowed,positions_access_allowed,balance_access_allowed,threshold_optimization_allowed,future_information_allowed,synthetic_intraday_data_allowed,consumable_by_production
Open,D1,candidate,27,0.004901124399255452,0.0008184689612271341,0.004082655438028319,-0.0017091266432523733,12,15,0,0.7011080384254456,True,False,False,False,False,False,False,False,False,False,False
Open,D1,ticker_episode,27,0.0010989057548009907,0.00021428085748742426,0.0008846248973135659,0.002208504135129505,15,12,0,0.7011080384254456,True,False,False,False,False,False,False,False,False,False,False
Open,D1,market_episode,27,0.004901124399255452,0.0008184689612271341,0.0040826554380283195,-0.0017091266432523733,12,15,0,0.7011080384254456,True,False,False,False,False,False,False,False,False,False,False
Open,D2,candidate,27,0.014110978802508807,-0.0003440563090542416,0.014455035111563048,0.003793079596309326,15,12,0,0.7011080384254456,True,False,False,False,False,False,False,False,False,False,False
Open,D2,ticker_episode,27,0.008418876743435357,-0.0006467353891662775,0.009065612132601633,0.00310702164434604,16,11,0,0.44206833839416504,True,False,False,False,False,False,False,False,False,False,False
Open,D2,market_episode,27,0.014110978802508807,-0.00034405630905424034,0.014455035111563048,0.003793079596309326,15,12,0,0.7011080384254456,True,False,False,False,False,False,False,False,False,False,False
Open,D3,candidate,27,0.017296578753137153,0.0010947955385030655,0.016201783214634086,0.005167048676778321,15,12,0,0.7011080384254456,True,False,False,False,False,False,False,False,False,False,False
Open,D3,ticker_episode,27,0.00853532937056884,9.391004527076042e-05,0.00844141932529808,0.004989101038588878,16,11,0,0.44206833839416504,True,False,False,False,False,False,False,False,False,False,False
Open,D3,market_episode,27,0.017296578753137153,0.0010947955385030655,0.016201783214634086,0.005167048676778321,15,12,0,0.7011080384254456,True,False,False,False,False,False,False,False,False,False,False
Open,D5,candidate,27,0.012322630442359716,0.006561410492094955,0.005761219950264761,-0.014379038325228041,12,15,0,0.7011080384254456,True,False,False,False,False,False,False,False,False,False,False
Open,D5,ticker_episode,27,0.0028214703199715965,0.007166954992913714,-0.004345484672942119,-0.014846433869171921,11,16,0,0.44206833839416504,True,False,False,False,False,False,False,False,False,False,False
Open,D5,market_episode,27,0.012322630442359716,0.006561410492094956,0.005761219950264757,-0.01437903832522804,12,15,0,0.7011080384254456,True,False,False,False,False,False,False,False,False,False,False
09:45,D1,candidate,4,0.015743207400883606,-0.0007704268831850453,0.016513634284068657,0.015871737039987822,3,1,0,0.625,True,False,False,False,False,False,False,False,False,False,False
09:45,D1,ticker_episode,4,0.01791422815764187,-0.0037069230064936927,0.02162115116413556,0.023019327182084662,3,1,0,0.625,True,False,False,False,False,False,False,False,False,False,False
09:45,D1,market_episode,4,0.015743207400883606,-0.0007704268831850453,0.016513634284068657,0.015871737039987822,3,1,0,0.625,True,False,False,False,False,False,False,False,False,False,False
09:45,D2,candidate,4,0.03368338143356163,-0.01718816225996192,0.05087154369352355,0.04711427748705528,2,2,0,1.0,True,False,False,False,False,False,False,False,False,False,False
09:45,D2,ticker_episode,4,0.03798186437704131,-0.012593039102691921,0.05057490347973323,0.04038903522491273,3,1,0,0.625,True,False,False,False,False,False,False,False,False,False,False
09:45,D2,market_episode,4,0.03368338143356163,-0.01718816225996192,0.05087154369352355,0.04711427748705528,2,2,0,1.0,True,False,False,False,False,False,False,False,False,False,False
09:45,D3,candidate,4,0.01334339357632349,-0.013883887842336597,0.027227281418660088,0.02107826766974291,3,1,0,0.625,True,False,False,False,False,False,False,False,False,False,False
09:45,D3,ticker_episode,4,0.013705284202696512,-0.011477129199408333,0.025182413402104847,0.012461402642702641,3,1,0,0.625,True,False,False,False,False,False,False,False,False,False,False
09:45,D3,market_episode,4,0.01334339357632349,-0.013883887842336597,0.027227281418660088,0.02107826766974291,3,1,0,0.625,True,False,False,False,False,False,False,False,False,False,False
09:45,D5,candidate,4,0.050577919835432264,-0.00607867359722478,0.05665659343265704,0.061584055039520996,3,1,0,0.625,True,False,False,False,False,False,False,False,False,False,False
09:45,D5,ticker_episode,4,0.05198638617198395,-0.003157706896093436,0.05514409306807739,0.0510047363417372,3,1,0,0.625,True,False,False,False,False,False,False,False,False,False,False
09:45,D5,market_episode,4,0.050577919835432264,-0.006078673597224776,0.05665659343265704,0.06158405503952099,3,1,0,0.625,True,False,False,False,False,False,False,False,False,False,False
10:00,D1,candidate,4,0.009376011770115525,-0.005300127914940582,0.014676139685056107,0.010462299439456216,3,1,0,0.625,True,False,False,False,False,False,False,False,False,False,False
10:00,D1,ticker_episode,4,0.011245370448710356,-0.007619314211034185,0.018864684659744543,0.016529806914391692,4,0,0,0.125,True,False,False,False,False,False,False,False,False,False,False
10:00,D1,market_episode,4,0.009376011770115525,-0.005300127914940582,0.014676139685056107,0.010462299439456216,3,1,0,0.625,True,False,False,False,False,False,False,False,False,False,False
10:00,D2,candidate,4,0.027281754975487675,-0.02213164829344041,0.04941340326892808,0.04400873013578568,2,2,0,1.0,True,False,False,False,False,False,False,False,False,False,False
10:00,D2,ticker_episode,4,0.03126769421839987,-0.016518962682643308,0.04778665690104318,0.037638235656615705,3,1,0,0.625,True,False,False,False,False,False,False,False,False,False,False
10:00,D2,market_episode,4,0.02728175497548767,-0.02213164829344041,0.04941340326892808,0.04400873013578568,2,2,0,1.0,True,False,False,False,False,False,False,False,False,False,False
10:00,D3,candidate,4,0.007546223586624486,-0.01895253684726547,0.026498760433889955,0.014050344135008688,3,1,0,0.625,True,False,False,False,False,False,False,False,False,False,False
10:00,D3,ticker_episode,4,0.007805382728305336,-0.015519719156548163,0.0233251018848535,0.0029177733627535726,3,1,0,0.625,True,False,False,False,False,False,False,False,False,False,False
10:00,D3,market_episode,4,0.007546223586624486,-0.01895253684726547,0.026498760433889955,0.014050344135008688,3,1,0,0.625,True,False,False,False,False,False,False,False,False,False,False
10:00,D5,candidate,4,0.04440951083299363,-0.012171343114183383,0.05658085394717701,0.053979182108950786,3,1,0,0.625,True,False,False,False,False,False,False,False,False,False,False
10:00,D5,ticker_episode,4,0.04570535150804098,-0.008292791178784198,0.05399814268682518,0.04085335090329821,3,1,0,0.625,True,False,False,False,False,False,False,False,False,False,False
10:00,D5,market_episode,4,0.04440951083299363,-0.012171343114183383,0.05658085394717701,0.053979182108950786,3,1,0,0.625,True,False,False,False,False,False,False,False,False,False,False
10:30,D1,candidate,4,0.007630028460966477,-0.006270403099192567,0.013900431560159045,0.007866397692534138,3,1,0,0.625,True,False,False,False,False,False,False,False,False,False,False
10:30,D1,ticker_episode,4,0.007780339693683669,-0.006587147217147741,0.014367486910831413,0.010999840851294072,3,1,0,0.625,True,False,False,False,False,False,False,False,False,False,False
10:30,D1,market_episode,4,0.007630028460966477,-0.006270403099192567,0.013900431560159045,0.007866397692534138,3,1,0,0.625,True,False,False,False,False,False,False,False,False,False,False
10:30,D2,candidate,4,0.025399628053491392,-0.018691908829489318,0.04409153688298071,0.04186776228956682,2,2,0,1.0,True,False,False,False,False,False,False,False,False,False,False
10:30,D2,ticker_episode,4,0.027579523419146348,-0.012023889354782342,0.03960341277392869,0.034031437834829203,2,2,0,1.0,True,False,False,False,False,False,False,False,False,False,False
10:30,D2,market_episode,4,0.025399628053491392,-0.018691908829489318,0.04409153688298072,0.04186776228956682,2,2,0,1.0,True,False,False,False,False,False,False,False,False,False,False
10:30,D3,candidate,4,0.008525157751367371,-0.014186905574701321,0.02271206332606869,0.013177673250300738,2,2,0,1.0,True,False,False,False,False,False,False,False,False,False,False
10:30,D3,ticker_episode,4,0.008323961749966703,-0.009623870568552743,0.017947832318519447,-0.0014360923992187981,2,2,0,1.0,True,False,False,False,False,False,False,False,False,False,False
10:30,D3,market_episode,4,0.008525157751367371,-0.014186905574701321,0.02271206332606869,0.013177673250300738,2,2,0,1.0,True,False,False,False,False,False,False,False,False,False,False
10:30,D5,candidate,4,0.04552343390535897,-0.006244670064775822,0.05176810397013479,0.0524930476876254,3,1,0,0.625,True,False,False,False,False,False,False,False,False,False,False
10:30,D5,ticker_episode,4,0.04635037903262094,-0.0012883686153253616,0.0476387476479463,0.03616177750580631,3,1,0,0.625,True,False,False,False,False,False,False,False,False,False,False
10:30,D5,market_episode,4,0.04552343390535897,-0.006244670064775822,0.05176810397013479,0.0524930476876254,3,1,0,0.625,True,False,False,False,False,False,False,False,False,False,False
