strike,type,oi,volume,public_gex
15.0,call,298,1.0,868.3015861480401
15.0,put,93,5.0,-38.426330348162864
17.0,put,318,1.0,-903.790949316383
18.0,call,1,6.0,3.9632612774825815
18.0,put,22,1.0,-62.368979122774576
19.0,call,1,1.0,4.328551146418998
19.0,put,30,1.0,-44.41696936257017
20.0,call,99,6.0,585.2197294681778
20.0,put,923,155.0,-2269.869609833027
21.0,call,31,21.0,170.5372716985436
21.0,put,179,112.0,-646.3675295680297
22.0,call,103,5.0,756.2928626169371
22.0,put,203,8.0,-857.3130596046952
23.0,call,38,2.0,231.3332353695076
23.0,put,866,15.0,-3378.8635905344345
24.0,call,19,14.0,134.77032330279923
24.0,put,546,12.0,-1819.6859809704906
25.0,call,67,14.0,495.73228187570544
25.0,put,2262,78.0,-11042.075858354132
26.0,call,16,2.0,155.2925345653826
26.0,put,1654,479.0,-10090.903218120486
27.0,call,64,2.0,715.0829768843064
27.0,put,1301,3.0,-7491.159015012184
28.0,call,111,13.0,1026.5601763554905
28.0,put,1591,11.0,-11124.500518548912
29.0,call,49,7.0,380.2755431641755
29.0,put,8288,19.0,-43526.94989969891
30.0,call,2650,13.0,30378.523313297213
30.0,put,47251,108.0,-196393.24941271188
31.0,call,49,25.0,664.8819061558978
31.0,put,10807,47.0,-98487.34554214773
32.0,call,75,8.0,1055.108928966313
32.0,put,2046,70.0,-17811.692647845695
33.0,call,93,5.0,1740.595859887462
33.0,put,3332,33.0,-30033.974564712847
34.0,call,33,4.0,525.5854681010806
34.0,put,22840,17.0,-95087.74103266824
35.0,call,1344,44.0,19327.8606256407
35.0,put,19162,3004.0,-259059.17904541685
36.0,call,432,7.0,9686.653282015533
36.0,put,14862,19.0,-165149.49695662505
37.0,call,403,12.0,7513.954696717947
37.0,put,5950,62.0,-77697.24792307257
38.0,call,680,3.0,17907.522301343277
38.0,put,4358,62.0,-82685.96449071856
39.0,call,680,7.0,16450.22209338791
39.0,put,5060,37.0,-76515.42944640416
40.0,call,11843,188.0,349852.8125637045
40.0,put,77056,572.0,-1683046.4141081967
41.0,call,240,33.0,8310.143295667453
41.0,put,6746,111.0,-108466.213402942
41.5,call,1,0.0,33.81348857453503
41.5,put,126,50.0,-4010.0358110260295
42.0,call,836,6.0,31639.95244798968
42.0,put,12298,104.0,-209908.89841487436
42.5,call,1,2.0,43.18945008367553
42.5,put,53,4.0,-1994.733345266273
43.0,call,468,234.0,20274.562810074065
43.0,put,10320,90.0,-296125.2291840459
43.5,call,1,0.0,48.82841943918916
43.5,put,22,3.0,-931.0623554772992
44.0,call,4081,16.0,203340.87065606908
44.0,put,6277,177.0,-162316.2306856766
44.5,call,0,6.0,0.0
44.5,put,202,25.0,-7807.277597396716
45.0,call,11184,181.0,563126.5739361633
45.0,put,63632,13981.0,-2464772.8523989595
45.5,call,16,7.0,732.4965980842046
45.5,put,1056,40.0,-31563.016756627287
46.0,call,13521,234.0,557170.4406938195
46.0,put,19640,241.0,-905934.5290550303
46.5,call,1576,25.0,33876.20340227648
46.5,put,892,57.0,-30413.150699775346
47.0,call,7644,45.0,448099.97710769187
47.0,put,10043,502.0,-490726.0784642097
47.5,call,1043,40.0,65736.11371731893
47.5,put,1032,38.0,-42442.52274773773
48.0,call,3427,37.0,179131.07398770907
48.0,put,16716,7046.0,-825888.6228140146
48.5,call,895,20.0,71451.75100266312
48.5,put,1666,67.0,-81456.89633660037
49.0,call,2200,39.0,123416.04388730519
49.0,put,8718,856.0,-602423.9419930239
49.5,call,398,79.0,20226.410293782938
49.5,put,1670,126.0,-145464.43022216496
50.0,call,36366,971.0,2814323.32370203
50.0,put,93244,3533.0,-6682588.405594884
50.5,call,353,28.0,37272.35501851777
50.5,put,2616,182.0,-319990.14706651994
51.0,call,4977,51.0,419777.8900351069
51.0,put,7645,652.0,-825378.7867284593
51.5,call,186,64.0,31630.499352860246
51.5,put,1222,123.0,-193519.38768464245
52.0,call,5375,105.0,794371.6650194677
52.0,put,12823,1336.0,-1657426.6422959273
52.5,call,308,67.0,66310.25943215436
52.5,put,2121,524.0,-505236.2713013866
53.0,call,15101,351.0,3351672.8451013337
53.0,put,10963,3775.0,-1790538.355457208
53.5,call,369,63.0,98251.46400763
53.5,put,2157,1991.0,-674071.1179798788
54.0,call,13344,726.0,2905840.1952872085
54.0,put,12761,4264.0,-3251078.190144198
54.5,call,640,341.0,186151.14142507178
54.5,put,2075,779.0,-784719.0671815255
55.0,call,59442,8924.0,8034897.3141735755
55.0,put,93924,6160.0,-16046412.30279174
55.5,call,1885,1443.0,616197.8634546775
55.5,put,2018,827.0,-767580.9704092409
56.0,call,9199,3914.0,2711625.3450877727
56.0,put,3616,653.0,-909536.4555101378
56.5,call,1413,1133.0,350760.9494277748
56.5,put,750,222.0,-260769.10143306138
57.0,call,20597,13475.0,4351061.815263298
57.0,put,7619,358.0,-1498100.3775729127
57.5,call,1792,777.0,485299.9628140632
57.5,put,3762,110.0,-719472.0246751788
58.0,call,19982,2821.0,3948699.1958305296
58.0,put,14660,495.0,-3094379.987593092
58.5,call,4757,367.0,907908.4656135066
58.5,put,1452,138.0,-293818.7657491163
59.0,call,20996,3107.0,1849363.0484922533
59.0,put,3632,105.0,-442470.7105387446
59.5,call,1988,1638.0,305932.3342242908
59.5,put,499,77.0,-74450.8191948137
60.0,call,193334,16943.0,20156569.866341293
60.0,put,73824,2342.0,-7305080.446224487
60.5,call,566,71.0,70623.85583072831
60.5,put,59,14.0,-8071.095254836168
61.0,call,16627,986.0,1103814.0792831345
61.0,put,4367,103.0,-547172.9347424919
61.5,call,840,39.0,107974.30601452486
61.5,put,1084,13.0,-130758.3302498551
62.0,call,66788,2999.0,3594074.779347712
62.0,put,2389,118.0,-248243.05128029268
62.5,call,528,47.0,59645.78093809338
62.5,put,39,17.0,-4329.316263976306
63.0,call,9875,1450.0,478833.0114902613
63.0,put,1155,176.0,-110008.09735378214
63.5,call,419,887.0,40260.838143719324
63.5,put,55,4.0,-5425.430259530454
64.0,call,14024,778.0,530571.2077929294
64.0,put,1567,180.0,-126706.56635914966
64.5,call,344,26.0,29384.877340899264
64.5,put,35,23.0,-2905.7917834754485
65.0,call,111581,4748.0,5429569.179720883
65.0,put,8365,314.0,-607239.8428648514
65.5,call,62,9.0,4007.1111525587153
65.5,put,4,3.0,-238.5598378260397
66.0,call,7915,177.0,393315.877925795
66.0,put,544,112.0,-28816.170780348955
66.5,call,149,2.0,8856.331423736527
66.5,put,2,1.0,-117.0747213877834
67.0,call,9481,1372.0,294085.9451955414
67.0,put,534,73.0,-27232.91624618424
67.5,call,198,10.0,10308.95264406623
67.5,put,4,1.0,-192.44960642679163
68.0,call,18688,153.0,234982.1707078581
68.0,put,419,79.0,-23222.88171147871
68.5,call,3106,3007.0,144605.71669321728
68.5,put,17,2.0,-1034.1511851932432
69.0,call,7868,122.0,359921.80018011434
69.0,put,1070,59.0,-62272.41842575345
69.5,call,181,7.0,7411.859497120804
69.5,put,9,9.0,-336.26189879393746
70.0,call,137755,14540.0,6088737.468325177
70.0,put,9300,156.0,-300945.4126545396
70.5,call,135,3.0,4840.293497838843
70.5,put,1,2.0,-41.02043414312317
71.0,call,1860,141.0,75296.37258285708
71.0,put,383,23.0,-21015.451756124305
72.0,call,5369,2818.0,153427.09410892555
72.0,put,375,17.0,-17588.591237631797
73.0,call,1491,1043.0,39431.96672894379
73.0,put,181,39.0,-8739.638360053268
74.0,call,2797,24.0,81947.0725008191
74.0,put,63,35.0,-2931.778248095501
75.0,call,62026,1997.0,2005727.5540518486
75.0,put,1992,64.0,-90552.66430110528
76.0,call,5708,50.0,102204.70213398704
76.0,put,290,9.0,-11514.401317243297
77.0,call,1577,44.0,28881.913825300253
77.0,put,221,62.0,-10369.477338071169
78.0,call,1395,11.0,37092.44163769983
78.0,put,56,11.0,-2499.6544415634244
79.0,call,545,8.0,13861.38983154913
79.0,put,55,6.0,-2249.773382706411
80.0,call,103096,1163.0,2404606.851413333
80.0,put,4810,71.0,-194029.64357767292
81.0,call,2969,9.0,89825.27282562974
81.0,put,138,100.0,-5800.644260317756
82.0,call,2265,7.0,73156.29351262392
82.0,put,35,13.0,-1052.7123560080227
83.0,call,220,3.0,5309.076818926087
83.0,put,18,8.0,-362.77728525052623
84.0,call,14412,5.0,310553.65980110486
84.0,put,19,3.0,-496.8822419864988
85.0,call,35497,366.0,873185.4898976622
85.0,put,1038,62.0,-23918.052344553005
86.0,call,127,14.0,2982.2203799235917
86.0,put,2,9.0,-45.7992809987824
87.0,call,145,2.0,3662.436773544892
88.0,call,229,4.0,5225.385568563203
89.0,call,711,14.0,10876.680048018015
89.0,put,1,0.0,-31.360887338529903
90.0,call,36918,452.0,657873.7429202669
90.0,put,158,14.0,-4896.141556720454
95.0,call,10476,21.0,193437.80593727416
95.0,put,27,28.0,-652.9621431865792
100.0,call,34642,170.0,377723.259639173
100.0,put,92,36.0,-2099.985333744181
105.0,call,30069,1331.0,168965.16076363515
105.0,put,26,35.0,-511.8176558788977
110.0,call,2230,388.0,27314.87961370095
110.0,put,1,1.0,-12.88822121995943
115.0,call,2569,24.0,12718.37759241572
115.0,put,1,0.0,-23.59917912567671
122.0,call,104439,2924.0,924259.2067731983
122.0,put,0,9.0,0.0
