contractSymbol,oi,iv,mid,volume,public_gex,gamma,delta,spot,oi_prev,iv_prev,mid_prev,volume_prev,public_gex_prev,gamma_prev,delta_prev,spot_prev,oi_change,iv_change,mid_change,new_public_gex,flow_class,confidence,flow_reason,inferred_dealer_new_gex,ticker
MU260821C01050000,8180.0,0.500005,0.005,7909.0,877191.6841333726,0.000114732342557,0.0008509286383649,966.780029296875,5513.0,0.5664105859375,0.63,10332.0,3141623.2184816003,0.0006002800921735,0.0061343439627606,974.3300170898438,2667.0,-0.06640558593750001,-0.625,-2264431.5343482275,LIKELY_CUSTOMER_SELL,95.0,IV down; option price down; volume confirms,-2264431.5343482275,MU
MU260821C01010000,4051.0,0.2929758203124999,0.005,9025.0,1820697.684205584,0.0004808617751676,0.0022760995747596,966.780029296875,2342.0,0.5252122674560546,3.7,10088.0,14406580.581868684,0.0064798038132152,0.0984946656254225,974.3300170898438,1709.0,-0.23223644714355474,-3.6950000000000003,-12585882.8976631,LIKELY_CUSTOMER_SELL,95.0,IV down; option price down; volume confirms,-12585882.8976631,MU
MU260828P00610000,1586.0,1.197269638671875,0.2,146.0,-60894.51193305361,4.10789779452073e-05,-0.0020851795892257,966.780029296875,177.0,1.078129609375,0.11,1507.0,-4519.500899592963,2.689707449891665e-05,-0.0012671876557424,974.3300170898438,1409.0,0.11914002929687517,0.09000000000000001,-56375.01103346065,LIKELY_CUSTOMER_BUY,95.0,IV up; option price up,56375.01103346065,MU
MU260824C00950000,1698.0,0.3494938098144531,22.95,857.0,17481216.667751793,0.0110148510430705,0.7186429116515038,966.780029296875,356.0,0.5026905200195313,35.8,5125.0,2302755.123394722,0.0068137405753299,0.696787919892353,974.3300170898438,1342.0,-0.1531967102050782,-12.849999999999998,15178461.54435707,LIKELY_CUSTOMER_SELL,95.0,IV down; option price down; volume confirms,15178461.54435707,MU
MU260821P00920000,3295.0,0.3281317187499999,0.005,4071.0,-1095429.2219091146,0.0003556915613825,-0.0018498199486934,966.780029296875,2110.0,0.5451705639648439,1.335,11108.0,-3670461.50165736,0.001832424344892,-0.0212388973908304,974.3300170898438,1185.0,-0.21703884521484396,-1.33,2575032.279748245,LIKELY_CUSTOMER_SELL,95.0,IV down; option price down; volume confirms,2575032.279748245,MU
MU260821P00910000,3086.0,0.398443515625,0.005,3229.0,-808421.5239926325,0.000280276448002,-0.0017621946970554,966.780029296875,1929.0,0.5566450585937501,0.7849999999999999,6705.0,-1578843.967747255,0.0008621737966729,-0.0090715310400381,974.3300170898438,1157.0,-0.1582015429687501,-0.7799999999999999,770422.4437546225,LIKELY_CUSTOMER_SELL,95.0,IV down; option price down; volume confirms,770422.4437546225,MU
MU260821P00620000,2996.0,2.7031282421875,0.025,7.0,-47059.36544903997,1.6805402421306692e-05,-0.00066052510478,966.780029296875,1860.0,1.96875015625,0.03,1158.0,-368.9622217867717,2.089569361045343e-07,-4.515873014088179e-06,974.3300170898438,1136.0,0.7343780859374998,-0.0049999999999999975,-46690.4032272532,LIKELY_CUSTOMER_BUY,65.0,IV up; option price down,46690.4032272532,MU
MU260821C01100000,12010.0,0.7500025,0.005,2248.0,569592.4276437926,5.074179872996095e-05,0.0005453320170725,966.780029296875,10901.0,0.647464462890625,0.09,4746.0,221676.07978243288,2.1421028942960103e-05,0.0001857670999777,974.3300170898438,1109.0,0.10253803710937504,-0.08499999999999999,347916.3478613597,LIKELY_CUSTOMER_BUY,65.0,IV up; option price down; volume confirms,-347916.3478613597,MU
MU260828P00800000,4445.0,0.6477086010742188,0.765,1168.0,-1836532.979958109,0.0004420502343133,-0.0152137889483893,966.780029296875,3403.0,0.7082548706054688,1.5,2274.0,-1918131.531981448,0.0005937508859912,-0.0261353643816771,974.3300170898438,1042.0,-0.060546269531249974,-0.735,81598.55202333885,LIKELY_CUSTOMER_SELL,95.0,IV down; option price down; volume confirms,81598.55202333885,MU
MU260821C00960000,3092.0,0.1306239282226562,5.925,12421.0,100635948.64093368,0.0348223694024331,0.8528597740952473,966.780029296875,2192.0,0.5368088311767578,23.55,19614.0,26134830.40325827,0.0125593444486049,0.7072185669200751,974.3300170898438,900.0,-0.4061849029541016,-17.625,74501118.2376754,LIKELY_CUSTOMER_SELL,95.0,IV down; option price down; volume confirms,74501118.2376754,MU
MU260821C01070000,2768.0,0.5937540625000001,0.005,1377.0,177561.2813562471,6.863202979404058e-05,0.0005872099308102,966.780029296875,1928.0,0.5996133789062501,0.285,2944.0,294318.6781835174,0.0001608046599006,0.0015126881133358,974.3300170898438,840.0,-0.005859316406250037,-0.27999999999999997,-116757.3968272703,LIKELY_CUSTOMER_SELL,95.0,IV down; option price down; volume confirms,-116757.3968272703,MU
MU260828C01000000,4229.0,0.5624738577270508,18.700000000000003,5149.0,19444481.99053361,0.0049193004860647,0.3501464852843695,966.780029296875,3409.0,0.6275366836547852,27.3,3982.0,13909374.055994134,0.0042980198837652,0.4113694396513365,974.3300170898438,820.0,-0.06506282592773438,-8.599999999999998,5535107.934539475,LIKELY_CUSTOMER_SELL,95.0,IV down; option price down; volume confirms,5535107.934539475,MU
MU260821C01030000,3382.0,0.414068359375,0.005,5913.0,880611.8329681427,0.0002785836167212,0.0018261093065699,966.780029296875,2574.0,0.5417526293945314,1.52,6247.0,5359331.810848648,0.0021932590937842,0.0261031553448417,974.3300170898438,808.0,-0.12768427001953142,-1.5150000000000001,-4478719.977880505,LIKELY_CUSTOMER_SELL,95.0,IV down; option price down; volume confirms,-4478719.977880505,MU
MU260821P00930000,4429.0,0.26563234375,0.005,9429.0,-2407434.473176218,0.0005815585613619,-0.0025200967154238,966.780029296875,3659.0,0.5373581420898439,2.255,8119.0,-12465187.924078112,0.003588593414791,-0.0471118451691505,974.3300170898438,770.0,-0.2717257983398439,-2.25,10057753.450901894,LIKELY_CUSTOMER_SELL,95.0,IV down; option price down; volume confirms,10057753.450901894,MU
MU260821C01005000,1798.0,0.26563234375,0.005,5150.0,1064742.5592638943,0.0006335772653903,0.0027708187288073,966.780029296875,1044.0,0.5229539892578124,4.6,4920.0,7966156.244977069,0.0080377807694015,0.1325191010034709,974.3300170898438,754.0,-0.25732164550781245,-4.595,-6901413.685713175,LIKELY_CUSTOMER_SELL,95.0,IV down; option price down; volume confirms,-6901413.685713175,MU
MU260821P00900000,6754.0,0.460942890625,0.005,4092.0,-1260990.988125876,0.0001997540462669,-0.0014259407493271,966.780029296875,6031.0,0.570316796875,0.4599999999999999,17553.0,-2182683.68104122,0.0003812319653649,-0.0037152199664589,974.3300170898438,723.0,-0.10937390625000004,-0.4549999999999999,921692.6929153441,LIKELY_CUSTOMER_SELL,95.0,IV down; option price down; volume confirms,921692.6929153441,MU
MU260821C01110000,2460.0,0.79687703125,0.005,441.0,102010.92568879102,4.436660939806682e-05,0.0005036131933476,966.780029296875,1769.0,0.6816438085937502,0.08,1848.0,26240.40997613469,1.5625381091194995e-05,0.00014010576128,974.3300170898438,691.0,0.1152332226562498,-0.075,75770.51571265633,LIKELY_CUSTOMER_BUY,65.0,IV up; option price down; volume confirms,-75770.51571265633,MU
MU260821C00955000,1760.0,0.3938048901367187,11.85,1527.0,27334626.75474769,0.0166167137702063,0.7291966851096743,966.780029296875,1091.0,0.5473067730712893,27.125,11920.0,11442534.08018794,0.0110480415545302,0.7635122440160671,974.3300170898438,669.0,-0.15350188293457057,-15.275,15892092.67455975,LIKELY_CUSTOMER_SELL,95.0,IV down; option price down; volume confirms,15892092.67455975,MU
MU260828P00715000,779.0,0.8320329296874999,0.24,13.0,-71388.50715592926,9.80472689911684e-05,-0.0036531983224307,966.780029296875,127.0,0.848634326171875,0.38,678.0,-15888.815198865886,0.0001317879273868,-0.0056549410120914,974.3300170898438,652.0,-0.016601396484375086,-0.14,-55499.69195706337,LIKELY_CUSTOMER_SELL,95.0,IV down; option price down,-55499.69195706337,MU
MU260821C01000000,14133.0,0.23438265625,0.005,55543.0,10445292.001679916,0.0007907348595588,0.0030836234055092,966.780029296875,13559.0,0.5218553674316406,5.699999999999999,47935.0,124697826.38743782,0.0096876637776298,0.1750556494941575,974.3300170898438,574.0,-0.28747271118164064,-5.694999999999999,-114252534.38575791,LIKELY_CUSTOMER_SELL,95.0,IV down; option price down; volume confirms,-114252534.38575791,MU
MU260821C00980000,7476.0,0.1035245898437499,0.005,46584.0,24362050.356233045,0.0034864962510822,0.0065052320409572,966.780029296875,6909.0,0.5256395092773438,11.625,14927.0,95804948.78378266,0.0146069850718416,0.4234173229807659,974.3300170898438,567.0,-0.4221149194335939,-11.62,-71442898.42754962,LIKELY_CUSTOMER_SELL,95.0,IV down; option price down; volume confirms,-71442898.42754962,MU
MU260821P00915000,1381.0,0.39063109375,0.01,1937.0,-666237.2213585093,0.0005161546834309,-0.0033863737550484,966.780029296875,830.0,0.5505416040039064,1.025,3959.0,-999028.8976910012,0.0012679081498341,-0.0139600088290406,974.3300170898438,551.0,-0.1599105102539064,-1.015,332791.6763324919,LIKELY_CUSTOMER_SELL,95.0,IV down; option price down; volume confirms,332791.6763324919,MU
MU260821P00955000,960.0,0.0937590625,0.005,10702.0,-3129697.7719399324,0.0034879947805884,-0.0058196916755972,966.780029296875,418.0,0.5286302020263673,7.325,7707.0,-4458939.366478405,0.0112368121343302,-0.229041909774265,974.3300170898438,542.0,-0.43487113952636736,-7.32,1329241.5945384726,LIKELY_CUSTOMER_SELL,95.0,IV down; option price down; volume confirms,1329241.5945384726,MU
MU260828C00950000,1348.0,0.560276614074707,40.8,593.0,6453260.264179296,0.00512193363918,0.6080894044958955,966.780029296875,835.0,0.634616690979004,51.625,3402.0,3276353.2041727537,0.0041332538019199,0.6275854185137906,974.3300170898438,513.0,-0.074340076904297,-10.825000000000003,3176907.060006542,LIKELY_CUSTOMER_SELL,95.0,IV down; option price down; volume confirms,3176907.060006542,MU
MU260821C00990000,9692.0,0.1679770703125,0.005,22435.0,11640120.635495638,0.0012849574139455,0.0036533267704683,966.780029296875,9181.0,0.5238084729003907,8.625,7417.0,111007573.66796246,0.0127365104978794,0.2863023867826972,974.3300170898438,511.0,-0.3558314025878907,-8.62,-99367453.03246683,LIKELY_CUSTOMER_SELL,95.0,IV down; option price down; volume confirms,-99367453.03246683,MU
MU260824C01000000,3039.0,0.3358220715332031,3.005,11220.0,21401944.007902045,0.0075347211130327,0.1392617225871539,966.780029296875,2557.0,0.4880727462768555,11.475,4689.0,17378694.767899405,0.007159361015482,0.3174492061986554,974.3300170898438,482.0,-0.1522506747436524,-8.469999999999999,4023249.2400026396,LIKELY_CUSTOMER_SELL,95.0,IV down; option price down; volume confirms,4023249.2400026396,MU
MU260821C00985000,1489.0,0.1367273828125,0.005,23285.0,2804245.184648486,0.0020149577479267,0.0047992678585483,966.780029296875,1022.0,0.5251512329101562,10.45,4578.0,13453008.915039929,0.0138661651752251,0.3525281180816486,974.3300170898438,467.0,-0.38842385009765623,-10.444999999999999,-10648763.730391443,LIKELY_CUSTOMER_SELL,95.0,IV down; option price down; volume confirms,-10648763.730391443,MU
MU260821C01040000,2732.0,0.4687553125,0.005,3272.0,539523.7440584517,0.0002112878510977,0.0015446141125349,966.780029296875,2267.0,0.5532271240234375,0.975,4718.0,2508187.9849887663,0.0011654573847142,0.0127340226872862,974.3300170898438,465.0,-0.08447181152343752,-0.97,-1968664.2409303146,LIKELY_CUSTOMER_SELL,95.0,IV down; option price down; volume confirms,-1968664.2409303146,MU
MU260828C01050000,2246.0,0.5713543841552735,7.425,3588.0,6677877.254751478,0.0031810708272136,0.1600259715464322,966.780029296875,1783.0,0.6367223828125,13.3,2177.0,5603532.41482314,0.0033105364993578,0.2305523639916983,974.3300170898438,463.0,-0.06536799865722653,-5.875000000000001,1074344.8399283383,LIKELY_CUSTOMER_SELL,95.0,IV down; option price down; volume confirms,1074344.8399283383,MU
MU260824C01050000,1170.0,0.3884338500976562,0.295,2687.0,873033.5340550545,0.0007983433694679,0.0102272965985061,966.780029296875,711.0,0.4993946545410156,2.675,2285.0,1994685.6379989348,0.0029552395822097,0.0813314692770483,974.3300170898438,459.0,-0.11096080444335943,-2.38,-1121652.1039438802,LIKELY_CUSTOMER_SELL,95.0,IV down; option price down; volume confirms,-1121652.1039438802,MU
MU260824C01010000,756.0,0.3394841442871094,1.745,2318.0,3580961.1305810576,0.0050678350427488,0.081519798222283,966.780029296875,297.0,0.487859125366211,8.675,2303.0,1806111.9648867303,0.0064058395344114,0.2514589831947612,974.3300170898438,459.0,-0.14837498107910163,-6.930000000000001,1774849.1656943273,LIKELY_CUSTOMER_SELL,95.0,IV down; option price down; volume confirms,1774849.1656943273,MU
MU260911P00915000,796.0,0.5812114633178712,31.55,681.0,-1961553.2686365135,0.0026365238084155,-0.3152345911728882,966.780029296875,355.0,0.6156654644775392,33.25,501.0,-802745.9936350483,0.0023819773569184,-0.3060150089812781,974.3300170898438,441.0,-0.03445400115966801,-1.6999999999999993,-1158807.2750014653,LIKELY_CUSTOMER_SELL,95.0,IV down; option price down; volume confirms,-1158807.2750014653,MU
MU260821P00560000,967.0,2.93750265625,0.005,8.0,-3351.5444637781343,3.708200174783825e-06,-0.0001423179049573,966.780029296875,542.0,2.0937547656249995,0.005,550.0,-4.125166396240681,8.017334798771884e-09,-1.6176311645743627e-07,974.3300170898438,425.0,0.8437478906250004,0.0,-3347.4192973818936,LIKELY_CUSTOMER_BUY,80.0,IV up,3347.4192973818936,MU
MU260821C00970000,2921.0,0.0567721276855468,0.16,51112.0,211457105.5293745,0.0774524901073484,0.1399393293497641,966.780029296875,2503.0,0.5176439837646485,17.125,12902.0,35318413.560035825,0.0148637425028566,0.5722001298683899,974.3300170898438,418.0,-0.4608718560791017,-16.965,176138691.9693387,LIKELY_CUSTOMER_SELL,95.0,IV down; option price down; volume confirms,176138691.9693387,MU
MU260821P00875000,1643.0,0.6250037500000001,0.01,670.0,-174666.28761306952,0.0001137407755152,-0.0010747677734034,966.780029296875,1228.0,0.6269568554687501,0.15,2978.0,-63566.12744488991,5.452745431320309e-05,-0.0004897589399641,974.3300170898438,415.0,-0.0019531054687500493,-0.13999999999999999,-111100.1601681796,LIKELY_CUSTOMER_SELL,95.0,IV down; option price down; volume confirms,-111100.1601681796,MU
MU260821P00950000,4624.0,0.1289149609375,0.005,21854.0,-8666753.670824928,0.0020053181582812,-0.0044689642605473,966.780029296875,4289.0,0.5260057165527343,5.825,15196.0,-39065400.22236662,0.0095945379901269,-0.1745770424886701,974.3300170898438,335.0,-0.3970907556152343,-5.82,30398646.551541694,LIKELY_CUSTOMER_SELL,95.0,IV down; option price down; volume confirms,30398646.551541694,MU
MU260918C01100000,6124.0,0.6208228836059572,24.125,1365.0,11142603.236762492,0.0019466870652957,0.2588319086811486,966.780029296875,5797.0,0.655444729766846,30.375,1268.0,10501314.193814328,0.0019082188745741,0.2921680467611702,974.3300170898438,327.0,-0.034621846160888814,-6.25,641289.042948164,LIKELY_CUSTOMER_SELL,95.0,IV down; option price down; volume confirms,641289.042948164,MU
MU260821C00962500,557.0,0.1482018774414062,4.19,7002.0,23270317.495763168,0.0446983788668515,0.7223973426185013,966.780029296875,243.0,0.5327195166015625,21.875,2896.0,3052968.161623712,0.013234387199295,0.6757963729795278,974.3300170898438,314.0,-0.38451763916015624,-17.685,20217349.334139455,LIKELY_CUSTOMER_SELL,95.0,IV down; option price down; volume confirms,20217349.334139455,MU
MU260828C01015000,549.0,0.5637555831909181,14.325,325.0,2299470.922003851,0.0044812609719004,0.2827887041156179,966.780029296875,250.0,0.6346777255249024,22.475,471.0,962561.836147312,0.0040557993854259,0.3523790063524376,974.3300170898438,299.0,-0.0709221423339843,-8.150000000000002,1336909.0858565387,LIKELY_CUSTOMER_SELL,95.0,IV down; option price down; volume confirms,1336909.0858565387,MU
MU260904P00920000,530.0,0.5910075079345705,25.475,39.0,-1558825.4125671713,0.0031467791672783,-0.3086693570823955,966.780029296875,236.0,0.6335485864257813,27.525,413.0,-622703.4624833479,0.0027794387798423,-0.3002243740245967,974.3300170898438,294.0,-0.042541078491210804,-2.049999999999997,-936121.9500838234,LIKELY_CUSTOMER_SELL,95.0,IV down; option price down,-936121.9500838234,MU
MU260821P00550000,19786.0,3.0000025,0.005,9.0,-57523.70338505114,3.1105235387926384e-06,-0.0001206697543443,966.780029296875,19496.0,2.156254609375,0.005,374.0,-133.58864353647476,7.2179165876237654e-09,-1.4957616334410062e-07,974.3300170898438,290.0,0.843747890625,0.0,-57390.11474151467,LIKELY_CUSTOMER_BUY,80.0,IV up,57390.11474151467,MU
MU260821P00780000,2267.0,1.21875390625,0.005,8.0,-42499.99371632485,2.0057740323148035e-05,-0.0003383436431213,966.780029296875,1978.0,1.0312548437500002,0.035,603.0,-2590.533191064457,1.3795921319066376e-06,-1.660703543193698e-05,974.3300170898438,289.0,0.1874990624999997,-0.030000000000000002,-39909.46052526039,LIKELY_CUSTOMER_BUY,65.0,IV up; option price down,39909.46052526039,MU
MU260918P00850000,3938.0,0.604190969848633,20.0,512.0,-6209520.979106571,0.0016870464705727,-0.1917964580889667,966.780029296875,3662.0,0.639377385559082,22.025,701.0,-5432102.696209361,0.0015625627501257,-0.1934597354581806,974.3300170898438,276.0,-0.035186415710449004,-2.0249999999999986,-777418.2828972097,LIKELY_CUSTOMER_SELL,95.0,IV down; option price down; volume confirms,-777418.2828972097,MU
MU260828C01020000,1224.0,0.5644574804687501,13.075,1502.0,4931467.664708775,0.0043106169345667,0.262183111557398,966.780029296875,949.0,0.6359289337158205,20.975,1043.0,3571847.692781728,0.0039647385584489,0.3335359829228929,974.3300170898438,275.0,-0.07147145324707038,-7.900000000000002,1359619.9719270463,LIKELY_CUSTOMER_SELL,95.0,IV down; option price down; volume confirms,1359619.9719270463,MU
MU260821P00945000,757.0,0.164070859375,0.005,7154.0,-961680.1909141118,0.0013591877433802,-0.0037886976740584,966.780029296875,501.0,0.5290574438476563,4.675,5365.0,-3749321.06625809,0.0078832035630311,-0.1310265222461145,974.3300170898438,256.0,-0.3649865844726563,-4.67,2787640.8753439784,LIKELY_CUSTOMER_SELL,95.0,IV down; option price down; volume confirms,2787640.8753439784,MU
MU260824C00960000,767.0,0.3403386279296875,16.700000000000003,3515.0,9282803.485203948,0.0129487680483517,0.6003188472777011,966.780029296875,517.0,0.4997303445434571,29.4,1671.0,3652256.428637309,0.0074414668969765,0.6246678209084269,974.3300170898438,250.0,-0.1593917166137696,-12.699999999999996,5630547.056566639,LIKELY_CUSTOMER_SELL,95.0,IV down; option price down; volume confirms,5630547.056566639,MU
MU260828C00970000,1117.0,0.5689740368652343,30.95,1338.0,5467457.7228504205,0.0052369318117626,0.5027660317575915,966.780029296875,872.0,0.6187782263183594,39.875,1030.0,3680023.852372828,0.0044455140147801,0.5414131341145954,974.3300170898438,245.0,-0.04980418945312515,-8.925,1787433.8704775926,LIKELY_CUSTOMER_SELL,95.0,IV down; option price down; volume confirms,1787433.8704775926,MU
MU260821C00995000,1218.0,0.2031329687499999,0.005,8482.0,1184348.4397489536,0.0010403437505732,0.0035682746757178,966.780029296875,978.0,0.5267991656494142,7.15,4501.0,10456808.455184467,0.0112628456669602,0.2285708701119431,974.3300170898438,240.0,-0.32366619689941434,-7.1450000000000005,-9272460.015435513,LIKELY_CUSTOMER_SELL,95.0,IV down; option price down; volume confirms,-9272460.015435513,MU
MU260828C01500000,995.0,1.0419969775390627,0.12,651.0,32647.4481810454,3.510514887955982e-05,0.0015059747793663,966.780029296875,759.0,0.96679720703125,0.12,282.0,27621.48551917274,3.833479021572506e-05,0.0016579776848782,974.3300170898438,236.0,0.07519977050781268,0.0,5025.962661872662,LIKELY_CUSTOMER_BUY,80.0,IV up; volume confirms,-5025.962661872662,MU
MU260828C01100000,3633.0,0.5956461334228516,2.89,3689.0,5395883.618382058,0.0015890656316976,0.0649540080080648,966.780029296875,3397.0,0.6488072229003907,6.025,2367.0,6644373.452511964,0.0020603752414877,0.1139394270228051,974.3300170898438,236.0,-0.05316108947753917,-3.1350000000000002,-1248489.8341299063,LIKELY_CUSTOMER_SELL,95.0,IV down; option price down; volume confirms,-1248489.8341299063,MU
MU260821P00957500,490.0,0.0922942333984375,0.025,6398.0,-5068563.721220703,0.0110670912156283,-0.0216047851772175,966.780029296875,257.0,0.5389450402832032,8.4,3862.0,-2893404.8516428154,0.0118594327594972,-0.2624981820565184,974.3300170898438,233.0,-0.4466508068847657,-8.375,-2175158.8695778875,LIKELY_CUSTOMER_SELL,95.0,IV down; option price down; volume confirms,-2175158.8695778875,MU
MU260828C01780000,273.0,1.3164096679687498,0.06,24.0,2909.998921172842,1.1404462976778174e-05,0.0005711668598059,966.780029296875,42.0,1.3476595117187498,0.18,363.0,1164.5659759940174,2.9208055303883352e-05,0.0017713736313954,974.3300170898438,231.0,-0.03124984374999995,-0.12,1745.4329451788246,LIKELY_CUSTOMER_SELL,95.0,IV down; option price down,1745.4329451788246,MU
MU260821C01060000,1804.0,0.5468795312500001,0.005,1460.0,146334.28631745093,8.678690870281325e-05,0.0006926580793465,966.780029296875,1576.0,0.586918193359375,0.44,1934.0,487648.0517399316,0.000325940340842,0.0032218225564268,974.3300170898438,228.0,-0.0400386621093749,-0.435,-341313.76542248065,LIKELY_CUSTOMER_SELL,95.0,IV down; option price down; volume confirms,-341313.76542248065,MU
MU260821P00905000,799.0,0.476567734375,0.015,1286.0,-355259.1807937839,0.000475710995144,-0.0038589975677474,966.780029296875,576.0,0.5620160986328125,0.595,2529.0,-311923.2035895408,0.0005704440232606,-0.0057409651330967,974.3300170898438,223.0,-0.08544836425781255,-0.58,-43335.97720424313,LIKELY_CUSTOMER_SELL,95.0,IV down; option price down; volume confirms,-43335.97720424313,MU
MU260918P00830000,2628.0,0.6096535617065432,15.775,84.0,-3618959.909140564,0.0014733403056394,-0.1572062428518181,966.780029296875,2410.0,0.643405665588379,17.575000000000003,406.0,-3157278.556447549,0.0013800146361479,-0.1605443905197527,974.3300170898438,218.0,-0.033752103881835804,-1.8000000000000025,-461681.35269301524,LIKELY_CUSTOMER_SELL,95.0,IV down; option price down,-461681.35269301524,MU
MU261016C01200000,4529.0,0.6946441668701173,36.15,397.0,5245558.01888199,0.0012391789658241,0.2625024695474103,966.780029296875,4317.0,0.7187528125,42.025000000000006,494.0,5023579.139291651,0.0012257983565263,0.2845262979296273,974.3300170898438,212.0,-0.024108645629882686,-5.875000000000007,221978.87959033903,LIKELY_CUSTOMER_SELL,95.0,IV down; option price down; volume confirms,221978.87959033903,MU
MU260824C01040000,469.0,0.3745179736328125,0.44,747.0,558952.2305916182,0.0012751066468161,0.0168570161500835,966.780029296875,259.0,0.4969532727050781,3.625,859.0,920160.6978465632,0.003742413323378,0.1113573139837477,974.3300170898438,210.0,-0.12243529907226564,-3.185,-361208.46725494496,LIKELY_CUSTOMER_SELL,95.0,IV down; option price down; volume confirms,-361208.46725494496,MU
MU260828C01600000,483.0,1.140629296875,0.085,20.0,9493.765364253062,2.102984259230482e-05,0.0009497809888497,966.780029296875,275.0,1.0429735351562504,0.07,308.0,5172.301575397497,1.981248633778381e-05,0.0008757331483301,974.3300170898438,208.0,0.09765576171874968,0.015,4321.463788855565,LIKELY_CUSTOMER_BUY,95.0,IV up; option price up,-4321.463788855565,MU
MU260821C00957500,418.0,0.3429020788574218,8.95,710.0,7711016.596346927,0.0197369488133219,0.7096872943308159,966.780029296875,214.0,0.5348557257080078,25.125,5625.0,2420530.884081211,0.0119147432988731,0.7390137367180849,974.3300170898438,204.0,-0.19195364685058597,-16.175,5290485.712265716,LIKELY_CUSTOMER_SELL,95.0,IV down; option price down; volume confirms,5290485.712265716,MU
MU260925P00980000,264.0,0.6321295332336427,83.75,1.0,-519572.220768551,0.0021056522807558,-0.4808244736119864,966.780029296875,63.0,0.666263103027344,85.4,204.0,-116497.20298692788,0.0019478826262207,-0.4618614881775508,974.3300170898438,201.0,-0.0341335697937013,-1.6500000000000057,-403075.0177816231,LIKELY_CUSTOMER_SELL,95.0,IV down; option price down,-403075.0177816231,MU
MU260904C01200000,856.0,0.6525913647460939,3.055,547.0,701161.1040656554,0.000876372437504,0.0531606098388702,966.780029296875,656.0,0.6842072595214845,5.025,449.0,670055.6860909128,0.0010759569437648,0.0776938127958279,974.3300170898438,200.0,-0.03161589477539062,-1.9700000000000002,31105.417974742595,LIKELY_CUSTOMER_SELL,95.0,IV down; option price down; volume confirms,31105.417974742595,MU
MU261016C01100000,5058.0,0.6884873070526124,57.475,518.0,6870419.518984991,0.0014532793088708,0.3740652029929956,966.780029296875,4861.0,0.7126035820007324,64.75,492.0,6473329.00498584,0.0014027810630288,0.3944200887245599,974.3300170898438,197.0,-0.024116274948119965,-7.274999999999999,397090.51399915107,LIKELY_CUSTOMER_SELL,95.0,IV down; option price down; volume confirms,397090.51399915107,MU
MU260821P00845000,1531.0,0.7812521875,0.005,184.0,-59230.68223102745,4.139198013884729e-05,-0.0004573721666433,966.780029296875,1336.0,0.7421900781249999,0.075,1035.0,-14869.78949547632,1.1724280422447183e-05,-0.0001129412227847,974.3300170898438,195.0,0.0390621093750001,-0.06999999999999999,-44360.89273555113,LIKELY_CUSTOMER_BUY,65.0,IV up; option price down; volume confirms,44360.89273555113,MU
MU260821P00935000,2466.0,0.2304764453125,0.005,4559.0,-1627648.699104447,0.0007061748752491,-0.0026699304095368,966.780029296875,2273.0,0.5335740002441407,2.89,6342.0,-10375290.863953304,0.0048082681544222,-0.0676913018959451,974.3300170898438,193.0,-0.3030975549316407,-2.8850000000000002,8747642.164848857,LIKELY_CUSTOMER_SELL,95.0,IV down; option price down; volume confirms,8747642.164848857,MU
MU260904P00760000,421.0,0.664309997558594,1.7,279.0,-195106.09375900612,0.0004958306813501,-0.0270180141928613,966.780029296875,230.0,0.707888663330078,2.465,210.0,-120123.89958487856,0.0005501605193551,-0.0348089218104806,974.3300170898438,191.0,-0.04357866577148406,-0.7649999999999999,-74982.19417412757,LIKELY_CUSTOMER_SELL,95.0,IV down; option price down; volume confirms,-74982.19417412757,MU
MU260821C01130000,3395.0,0.87500125,0.005,694.0,94218.0993586794,2.9691984089723906e-05,0.0003612596516174,966.780029296875,3205.0,0.7187528125,0.045,449.0,15360.057584896118,5.048387062224603e-06,4.461606494474512e-05,974.3300170898438,190.0,0.15624843749999995,-0.04,78858.04177378329,LIKELY_CUSTOMER_BUY,65.0,IV up; option price down; volume confirms,-78858.04177378329,MU
MU260821P00885000,1001.0,0.5312546875,0.005,698.0,-83962.87623792651,8.974244315589366e-05,-0.0006960471168463,966.780029296875,811.0,0.6010782080078126,0.225,2158.0,-88444.11033997849,0.0001148777441005,-0.0010500827743568,974.3300170898438,190.0,-0.0698235205078126,-0.22,4481.234102051982,LIKELY_CUSTOMER_SELL,95.0,IV down; option price down; volume confirms,4481.234102051982,MU
MU260826P00750000,236.0,0.770510107421875,0.135,45.0,-16583.422646608513,7.518077963550646e-05,-0.0020746727591958,966.780029296875,47.0,0.7763694238281251,0.225,277.0,-4988.573516284158,0.00011180632015,-0.003623916583289,974.3300170898438,189.0,-0.005859316406250148,-0.09,-11594.849130324354,LIKELY_CUSTOMER_SELL,95.0,IV down; option price down,-11594.849130324354,MU
MU260925P00990000,264.0,0.6320074641418458,89.5,2.0,-520269.8978178684,0.0021084797322849,-0.5015235681185357,966.780029296875,78.0,0.6648440498352053,90.85,200.0,-145047.05299978764,0.0019588543339219,-0.4813043335865862,974.3300170898438,186.0,-0.032836585693359455,-1.3499999999999943,-375222.8448180808,LIKELY_CUSTOMER_SELL,95.0,IV down; option price down,-375222.8448180808,MU
MU260911C01200000,477.0,0.6310461700439454,6.175,62.0,497352.6306202151,0.0011155542601424,0.0906389619895137,966.780029296875,292.0,0.6604648211669923,8.925,260.0,345287.2384736233,0.0012456198231438,0.1172509841686825,974.3300170898438,185.0,-0.02941865112304698,-2.750000000000001,152065.3921465918,LIKELY_CUSTOMER_SELL,95.0,IV down; option price down,152065.3921465918,MU
MU260821C01020000,2883.0,0.3515689843749999,0.005,12250.0,909820.0669845426,0.0003376412720036,0.0018845561889053,966.780029296875,2703.0,0.532109171142578,2.375,6381.0,10044029.521760087,0.003914260902475,0.051886114294691,974.3300170898438,180.0,-0.18054018676757816,-2.37,-9134209.454775546,LIKELY_CUSTOMER_SELL,95.0,IV down; option price down; volume confirms,-9134209.454775546,MU
MU260904P00890000,382.0,0.5958597543334961,16.4,21.0,-930951.6063274526,0.0026074044442878,-0.2175218066795936,966.780029296875,203.0,0.6387365228271484,18.475,211.0,-450749.39607444144,0.0023389823825073,-0.2187035751758875,974.3300170898438,179.0,-0.042876768493652295,-2.075000000000003,-480202.21025301114,LIKELY_CUSTOMER_SELL,95.0,IV down; option price down,-480202.21025301114,MU
MU260821C00965000,1292.0,0.067392138671875,1.855,21273.0,121083565.10919932,0.1002691526016578,0.7106455272133612,966.780029296875,1115.0,0.5310715838623048,20.325,6381.0,14592023.058495594,0.0137856889426144,0.6420656470797873,974.3300170898438,177.0,-0.4636794451904298,-18.47,106491542.05070372,LIKELY_CUSTOMER_SELL,95.0,IV down; option price down; volume confirms,106491542.05070372,MU
MU261016C00900000,2603.0,0.6899139895629884,138.05,280.0,3397595.7232501647,0.0013965040255211,0.6637405857367878,966.780029296875,2427.0,0.7193478993225098,148.05,595.0,3008085.507494057,0.0013055942719533,0.6712126724831952,974.3300170898438,176.0,-0.029433909759521315,-10.0,389510.2157561076,LIKELY_CUSTOMER_SELL,95.0,IV down; option price down; volume confirms,389510.2157561076,MU
MU260826P00950000,270.0,0.5069019036865234,16.6,246.0,-1660014.9213378448,0.0065779851142184,-0.369182134876476,966.780029296875,97.0,0.5617414431762696,19.25,296.0,-483978.3630651224,0.0052558389266485,-0.3459579316963552,974.3300170898438,173.0,-0.05483953948974618,-2.6499999999999986,-1176036.5582727224,LIKELY_CUSTOMER_SELL,95.0,IV down; option price down; volume confirms,-1176036.5582727224,MU
MU260828P00860000,733.0,0.589969920654297,3.325,446.0,-1152663.787193434,0.0016824545205897,-0.0690708213888007,966.780029296875,562.0,0.6492344647216797,4.975,291.0,-906576.6147660746,0.0016992451212844,-0.087584338841957,974.3300170898438,171.0,-0.059264544067382685,-1.6499999999999995,-246087.1724273595,LIKELY_CUSTOMER_SELL,95.0,IV down; option price down; volume confirms,-246087.1724273595,MU
MU260826C01050000,373.0,0.5048877636718749,3.125,1533.0,967456.2578757151,0.0027750266936075,0.0871440095683293,966.780029296875,204.0,0.5800212896728516,7.7,545.0,672749.9753062144,0.0034738523704104,0.1685900324487531,974.3300170898438,169.0,-0.07513352600097667,-4.575,294706.28256950073,LIKELY_CUSTOMER_SELL,95.0,IV down; option price down; volume confirms,294706.28256950073,MU
MU260821C01080000,9497.0,0.6562534375000001,0.005,1498.0,629800.7751200438,7.095147224688707e-05,0.000678431405204,966.780029296875,9329.0,0.6103554589843752,0.18,1561.0,670572.3038109808,7.571786401013387e-05,0.0006786458286621,974.3300170898438,168.0,0.04589797851562494,-0.175,-40771.528690936975,LIKELY_CUSTOMER_BUY,65.0,IV up; option price down; volume confirms,40771.528690936975,MU
MU260821P00940000,2731.0,0.1992267578125,0.005,16030.0,-2571287.778744846,0.0010073343514331,-0.0033688479241591,966.780029296875,2564.0,0.5314988256835937,3.7,10601.0,-15244449.662472092,0.0062629877867803,-0.0955689735415918,974.3300170898438,167.0,-0.33227206787109376,-3.6950000000000003,12673161.883727245,LIKELY_CUSTOMER_SELL,95.0,IV down; option price down; volume confirms,12673161.883727245,MU
MU260828C00960000,468.0,0.574375594177246,36.175,840.0,2247791.84070994,0.0051387193102417,0.5548374530476684,966.780029296875,307.0,0.63086306640625,45.8,866.0,1248557.592593261,0.0042840846107264,0.585010430820918,974.3300170898438,161.0,-0.056487472229003965,-9.625,999234.248116679,LIKELY_CUSTOMER_SELL,95.0,IV down; option price down; volume confirms,999234.248116679,MU
MU261016P00330000,1897.0,1.05859845703125,0.375,1.0,-33623.38961115719,1.8963514184716063e-05,-0.0024434526329992,966.780029296875,1737.0,1.08203583984375,0.465,195.0,-34977.80897221129,2.1211951144649702e-05,-0.0028867496033309,974.3300170898438,160.0,-0.023437382812499852,-0.09000000000000002,1354.4193610541042,LIKELY_CUSTOMER_SELL,95.0,IV down; option price down,1354.4193610541042,MU
MU260821C00975000,1853.0,0.06836869140625,0.005,29208.0,13122743.382796869,0.0075769404786094,0.0098119240500822,966.780029296875,1697.0,0.5214281256103515,14.675,5591.0,24167831.019774776,0.0150018102657422,0.4969982435623399,974.3300170898438,156.0,-0.45305943420410144,-14.67,-11045087.636977907,LIKELY_CUSTOMER_SELL,95.0,IV down; option price down; volume confirms,-11045087.636977907,MU
MU261016P00950000,1356.0,0.6493717924499511,89.67500000000001,92.0,-2006933.2036324237,0.0015834993424958,-0.4128802478410013,966.780029296875,1201.0,0.6749910430908206,91.25,228.0,-1695606.18721417,0.0014872015187944,-0.400678025377063,974.3300170898438,155.0,-0.02561925064086945,-1.5749999999999886,-311327.01641825377,LIKELY_CUSTOMER_SELL,95.0,IV down; option price down; volume confirms,-311327.01641825377,MU
MU260918C01250000,2462.0,0.6455723919677734,7.125,189.0,2191938.804017912,0.0009525439767687,0.0916998138337556,966.780029296875,2312.0,0.6735567312622072,9.875,348.0,2302276.5689547714,0.0010489565492777,0.1149476407392378,974.3300170898438,150.0,-0.02798433929443378,-2.75,-110337.76493685925,LIKELY_CUSTOMER_SELL,95.0,IV down; option price down; volume confirms,-110337.76493685925,MU
MU260918C01400000,1971.0,0.6881745050048829,2.43,94.0,745894.417195841,0.0004048884527403,0.0335393426116053,966.780029296875,1822.0,0.7063627996826172,3.45,756.0,831402.3774816559,0.0004806741029773,0.0440946413432555,974.3300170898438,149.0,-0.018188294677734307,-1.02,-85507.96028581494,LIKELY_CUSTOMER_SELL,95.0,IV down; option price down; volume confirms,-85507.96028581494,MU
MU260918P00450000,2162.0,1.056645341796875,0.315,16.0,-61486.96612372376,3.0427903749753418e-05,-0.0028042494267611,966.780029296875,2015.0,1.0698288696289064,0.38,227.0,-63735.8364775962,3.331934646964762e-05,-0.003234166739656,974.3300170898438,147.0,-0.013183527832031361,-0.065,2248.870353872444,LIKELY_CUSTOMER_SELL,95.0,IV down; option price down,2248.870353872444,MU
MU260918P00930000,1180.0,0.5955240643310546,46.725,110.0,-2607592.96207585,0.0023642992889771,-0.3683502236964493,966.780029296875,1033.0,0.6294745304870606,48.55,671.0,-2114012.8969745133,0.002155733873932,-0.3560379986863624,974.3300170898438,147.0,-0.03395046615600594,-1.8249999999999957,-493580.0651013367,LIKELY_CUSTOMER_SELL,95.0,IV down; option price down; volume confirms,-493580.0651013367,MU
MU260821P00860000,2756.0,0.6875031250000001,0.005,546.0,-139188.19936838053,5.40340925156164e-05,-0.0005312814072291,966.780029296875,2611.0,0.70898728515625,0.14,2746.0,-88895.65776722612,3.586422999794846e-05,-0.000355954326431,974.3300170898438,145.0,-0.021484160156249876,-0.135,-50292.541601154415,LIKELY_CUSTOMER_SELL,95.0,IV down; option price down; volume confirms,-50292.541601154415,MU
MU260824P01000000,248.0,0.3790955645751953,36.35,1256.0,-1761836.8360525218,0.0076007887759354,-0.8305260197571234,966.780029296875,103.0,0.5008289663696289,36.825,183.0,-686508.1670915699,0.0070209570869195,-0.6777552615381166,974.3300170898438,145.0,-0.12173340179443365,-0.4750000000000014,-1075328.668960952,LIKELY_CUSTOMER_SELL,95.0,IV down; option price down; volume confirms,-1075328.668960952,MU
MU260824C01025000,424.0,0.3554751953124999,0.845,1021.0,1025690.7339414846,0.0025881845134938,0.0368717918696343,966.780029296875,281.0,0.490788783569336,5.675000000000001,407.0,1350580.226068918,0.005062929757223,0.1704121153801744,974.3300170898438,143.0,-0.1353135882568361,-4.830000000000001,-324889.4921274333,LIKELY_CUSTOMER_SELL,95.0,IV down; option price down; volume confirms,-324889.4921274333,MU
MU260828C00965000,365.0,0.5628705822753908,33.0,626.0,1801272.4217769003,0.0052799668288423,0.5288813331489801,966.780029296875,222.0,0.6312292736816407,43.175,471.0,911777.62495753,0.0043263713206278,0.5631929416476088,974.3300170898438,143.0,-0.06835869140624995,-10.174999999999997,889494.7968193704,LIKELY_CUSTOMER_SELL,95.0,IV down; option price down; volume confirms,889494.7968193704,MU
MU261016P00800000,5055.0,0.6604953384399416,31.25,125.0,-5094056.3398253005,0.0010781699981597,-0.1880764447647375,966.780029296875,4913.0,0.6880066600036623,33.325,260.0,-4752130.596913124,0.0010188950168864,-0.1883481817217147,974.3300170898438,142.0,-0.027511321563720714,-2.075000000000003,-341925.74291217607,LIKELY_CUSTOMER_SELL,95.0,IV down; option price down; volume confirms,-341925.74291217607,MU
MU260824C00955000,266.0,0.3483341534423828,19.7,426.0,2981377.058869777,0.0119916771461759,0.66071366121014,966.780029296875,127.0,0.5014087945556642,32.65,1050.0,862383.9428176278,0.0071529431875918,0.6614266953568025,974.3300170898438,139.0,-0.15307464111328145,-12.95,2118993.116052149,LIKELY_CUSTOMER_SELL,95.0,IV down; option price down; volume confirms,2118993.116052149,MU
MU260918P00900000,4259.0,0.5966684620666505,34.725,744.0,-8617601.896755215,0.0021648282466943,-0.2965627472668457,966.780029296875,4120.0,0.632541516418457,36.900000000000006,689.0,-7712486.007558555,0.001971900550067,-0.2904574013225023,974.3300170898438,139.0,-0.035873054351806544,-2.1750000000000043,-905115.8891966594,LIKELY_CUSTOMER_SELL,95.0,IV down; option price down; volume confirms,-905115.8891966594,MU
MU260824P00850000,668.0,0.4960987890625,0.075,433.0,-87453.97480341034,0.0001400708452204,-0.0019134770068018,966.780029296875,530.0,0.5766643896484375,0.49,398.0,-242979.61688642172,0.0004829273573244,-0.0107580096165424,974.3300170898438,138.0,-0.08056560058593748,-0.415,155525.6420830114,LIKELY_CUSTOMER_SELL,95.0,IV down; option price down; volume confirms,155525.6420830114,MU
MU260925C01200000,1022.0,0.6816590672302247,18.8,135.0,1245413.82661434,0.0013037894001259,0.1840391063499111,966.780029296875,886.0,0.7040740042114259,22.975,386.0,1118492.5048156916,0.0013298026416606,0.207893170847503,974.3300170898438,136.0,-0.022414936981201117,-4.175000000000001,126921.32179864845,LIKELY_CUSTOMER_SELL,95.0,IV down; option price down; volume confirms,126921.32179864845,MU
MU260918C01050000,3293.0,0.6165046894836428,35.925,341.0,6919336.039569973,0.0022481089301347,0.3518827474897124,966.780029296875,3159.0,0.6520420538330078,43.475,715.0,6391226.101665763,0.0021311910858251,0.3829404471552589,974.3300170898438,134.0,-0.03553736434936505,-7.550000000000004,528109.9379042098,LIKELY_CUSTOMER_SELL,95.0,IV down; option price down; volume confirms,528109.9379042098,MU
MU260821P00960000,1033.0,0.0825287060546875,0.065,28330.0,-23381320.573040225,0.0242166114458186,-0.0487877970159355,966.780029296875,901.0,0.5285691674804689,9.0,7384.0,-10861695.790466797,0.0126987413990849,-0.2900143842833924,974.3300170898438,132.0,-0.4460404614257814,-8.935,-12519624.782573428,LIKELY_CUSTOMER_SELL,95.0,IV down; option price down; volume confirms,-12519624.782573428,MU
MU260918C01010000,815.0,0.6146126185607912,48.775000000000006,51.0,1824846.790047073,0.0023955953307752,0.4388932504783545,966.780029296875,684.0,0.6517216224670412,57.375,247.0,1441882.7764652034,0.0022205557821837,0.4655043470220293,974.3300170898438,131.0,-0.03710900390625005,-8.599999999999994,382964.01358186966,LIKELY_CUSTOMER_SELL,95.0,IV down; option price down,382964.01358186966,MU
MU260918C01350000,1332.0,0.6709017285156251,3.35,56.0,665805.6343180963,0.0005347956916512,0.045761188276231,966.780029296875,1201.0,0.6934845104980469,4.800000000000001,323.0,713626.4423146655,0.0006259155792572,0.0600557205043146,974.3300170898438,131.0,-0.022582781982421807,-1.4500000000000006,-47820.8079965692,LIKELY_CUSTOMER_SELL,95.0,IV down; option price down,-47820.8079965692,MU
