ticker,rank,signal_decision_date,decision_timestamp_et,production_adjusted_score,total_score,alert_type,breakout_today,failed_breakout,latest_price,prior_20d_high,volume_multiple,standard_rs_score,gap_pct,exclusion_reason,notified_in_source_artifact,excluded_in_source_artifact,source_artifact_id,source_path,source_kind,source_sha256,pit_status,complete_frozen_2026_source,research_only,execution_allowed,headline_eligible
AMKR,A,2026-06-12,2026-06-12T15:55:00-04:00,,60.17,none,True,False,82.77999877929688,79.5,1.4329283252205924,98.30316742081448,0.00249500733033,,False,False,7624590578,data/pit_recovery/github_artifacts/7624590578/scanner/2026-06-15/russell1000_momentum_candidates.csv,momentum_candidates_fallback,c215552e9bc250ac745aa1cb2b57b128237aa9101e1e01141914a1ce62666444,PIT_ARTIFACT_CAPTURED_CURRENT_UNIVERSE_PARTIAL,False,True,False,False
AMAT,A,2026-06-15,2026-06-15T15:55:00-04:00,46.5,65.1,csv_only,False,False,585.5,569.9500122070312,1.2019973340746932,98.15005138746146,0.0400881273413398,,True,False,7668290236,data/pit_recovery/github_artifacts/7668290236/scanner/2026-06-16/daily_scan_log_20260616_2229.csv,daily_scan_log,e655ac55229279068f35b859f16c025e117be178bc964a2c27deb6ae3f2e133b,PIT_ARTIFACT_CAPTURED_CURRENT_UNIVERSE_PARTIAL,False,True,False,False
WDC,S,2026-06-16,2026-06-16T15:55:00-04:00,61.0,90.0,breakout,True,False,681.2899780273438,658.7999877929688,1.885470997627692,99.89733059548254,0.0508698814543462,,True,False,7682918117,data/pit_recovery/github_artifacts/7682918117/scanner/2026-06-17/daily_scan_log_20260617_0916.csv,daily_scan_log,87c5af9b70b0a16b71c00463363b791c8d6c187dcf724e067e8582a50b00249e,PIT_ARTIFACT_CAPTURED_CURRENT_UNIVERSE_PARTIAL,False,True,False,False
AMAT,S,2026-06-25,2026-06-25T13:10:00-04:00,52.5,64.0,none,False,False,653.5750122070312,641.1799926757812,1.5828365589626143,98.35897435897436,0.0827971154288575,,True,False,7885492657,data/pit_recovery/github_artifacts/7885492657/scanner/2026-06-26/daily_scan_log_20260626_0211.csv,daily_scan_log,b0a26b78bf1c65e1eba164fa3ac9498be4c22e4591c8e014a90e5da03bd77c0d,PIT_ARTIFACT_CAPTURED_CURRENT_UNIVERSE_PARTIAL,False,True,False,False
AMAT,S,2026-06-25,2026-06-25T15:55:00-04:00,54.5,85.5,breakout,True,False,668.239990234375,641.1799926757812,1.6342247413916424,98.4599589322382,0.0827971154288575,,True,False,7904685764,data/pit_recovery/github_artifacts/7904685764/scanner/2026-06-26/daily_scan_log_20260626_2054.csv,daily_scan_log,96d87bc6b8dde4539513a2aa9c3321d091fe7740bb69d316fbf45e2a97e2420d,PIT_ARTIFACT_CAPTURED_CURRENT_UNIVERSE_PARTIAL,False,True,False,False
GLW,S,2026-06-25,2026-06-25T13:10:00-04:00,54.5,72.63,csv_only,True,False,226.00999450683597,217.08999633789065,2.2769907992978364,98.76923076923076,0.0617985770176676,,True,False,7885492657,data/pit_recovery/github_artifacts/7885492657/scanner/2026-06-26/daily_scan_log_20260626_0211.csv,daily_scan_log,b0a26b78bf1c65e1eba164fa3ac9498be4c22e4591c8e014a90e5da03bd77c0d,PIT_ARTIFACT_CAPTURED_CURRENT_UNIVERSE_PARTIAL,False,True,False,False
GLW,S,2026-06-25,2026-06-25T15:55:00-04:00,56.0,84.34,breakout,True,False,228.2700042724609,217.08999633789065,1.6969359084441231,98.870636550308,0.0617985770176676,,True,False,7904685764,data/pit_recovery/github_artifacts/7904685764/scanner/2026-06-26/daily_scan_log_20260626_2054.csv,daily_scan_log,96d87bc6b8dde4539513a2aa9c3321d091fe7740bb69d316fbf45e2a97e2420d,PIT_ARTIFACT_CAPTURED_CURRENT_UNIVERSE_PARTIAL,False,True,False,False
MU,S,2026-06-25,2026-06-25T13:10:00-04:00,54.5,58.65,none,False,False,1224.64501953125,1213.56005859375,1.9122114330182232,99.8974358974359,0.1687727911887613,excluded_gap_ge_10,False,True,7885492657,data/pit_recovery/github_artifacts/7885492657/scanner/2026-06-26/daily_scan_log_20260626_0211.csv,daily_scan_log,b0a26b78bf1c65e1eba164fa3ac9498be4c22e4591c8e014a90e5da03bd77c0d,PIT_ARTIFACT_CAPTURED_CURRENT_UNIVERSE_PARTIAL,False,True,False,False
RVMD,A,2026-06-25,2026-06-25T13:10:00-04:00,48.5,58.0,none,False,False,177.99000549316406,171.25,1.674371534475967,98.46153846153848,0.0068916660157916,excluded_biotech_healthcare,False,True,7885492657,data/pit_recovery/github_artifacts/7885492657/scanner/2026-06-26/daily_scan_log_20260626_0211.csv,daily_scan_log,b0a26b78bf1c65e1eba164fa3ac9498be4c22e4591c8e014a90e5da03bd77c0d,PIT_ARTIFACT_CAPTURED_CURRENT_UNIVERSE_PARTIAL,False,True,False,False
RVMD,A,2026-06-25,2026-06-25T15:55:00-04:00,49.5,82.81,breakout,True,False,178.0800018310547,171.25,1.5182319219641018,98.35728952772074,0.0068916660157916,excluded_biotech_healthcare,False,True,7904685764,data/pit_recovery/github_artifacts/7904685764/scanner/2026-06-26/daily_scan_log_20260626_2054.csv,daily_scan_log,96d87bc6b8dde4539513a2aa9c3321d091fe7740bb69d316fbf45e2a97e2420d,PIT_ARTIFACT_CAPTURED_CURRENT_UNIVERSE_PARTIAL,False,True,False,False
TER,A,2026-06-25,2026-06-25T15:55:00-04:00,45.5,76.54,csv_only,True,False,471.9700012207031,459.1900024414063,1.3439189689324291,98.97330595482546,0.0583300055934603,,True,False,7904685764,data/pit_recovery/github_artifacts/7904685764/scanner/2026-06-26/daily_scan_log_20260626_2054.csv,daily_scan_log,96d87bc6b8dde4539513a2aa9c3321d091fe7740bb69d316fbf45e2a97e2420d,PIT_ARTIFACT_CAPTURED_CURRENT_UNIVERSE_PARTIAL,False,True,False,False
AMAT,S,2026-06-29,2026-06-29T11:00:00-04:00,57.5,64.0,none,False,False,689.385009765625,669.219970703125,2.3404955833815944,98.27935222672065,0.0115818205912729,,True,False,7955872814,data/pit_recovery/github_artifacts/7955872814/scanner/2026-06-30/daily_scan_log_20260630_0003.csv,daily_scan_log,bbc5a6b8611c321e13fcc2b39553e63b20720bd2c8f13a96a8887c0a2ad26370,PIT_ARTIFACT_CAPTURED_CURRENT_UNIVERSE_PARTIAL,False,True,False,False
AMAT,A,2026-06-29,2026-06-29T15:35:00-04:00,46.5,65.61,csv_only,False,False,697.739990234375,669.219970703125,1.2744540955207773,98.37892603850052,0.0115818205912729,,True,False,7962448471,data/pit_recovery/github_artifacts/7962448471/scanner/2026-06-30/daily_scan_log_20260630_0435.csv,daily_scan_log,cd4a8c91a89e03f77a1f1abb1ccee5d5a77dbb8cf5c9f4d35b0dfb8a2149ef56,PIT_ARTIFACT_CAPTURED_CURRENT_UNIVERSE_PARTIAL,False,True,False,False
AMAT,A,2026-06-29,2026-06-29T15:55:00-04:00,46.5,81.58,breakout,True,False,693.8300170898438,669.219970703125,1.3558156447278085,98.27935222672065,0.0115818205912729,,True,False,7979733181,data/pit_recovery/github_artifacts/7979733181/scanner/2026-06-30/daily_scan_log_20260630_2058.csv,daily_scan_log,4996bd165878860210378ac1c24686226b730918e6c1253821f0fe57da465e8c,PIT_ARTIFACT_CAPTURED_CURRENT_UNIVERSE_PARTIAL,False,True,False,False
GLW,S,2026-06-29,2026-06-29T11:00:00-04:00,50.5,64.0,none,False,False,234.3800048828125,230.5,1.9827704264561763,98.582995951417,0.0264645589864878,,True,False,7955872814,data/pit_recovery/github_artifacts/7955872814/scanner/2026-06-30/daily_scan_log_20260630_0003.csv,daily_scan_log,bbc5a6b8611c321e13fcc2b39553e63b20720bd2c8f13a96a8887c0a2ad26370,PIT_ARTIFACT_CAPTURED_CURRENT_UNIVERSE_PARTIAL,False,True,False,False
GLW,S,2026-06-29,2026-06-29T15:35:00-04:00,50.5,78.51,csv_only,True,False,256.20001220703125,230.5,1.3885862101438415,98.78419452887536,0.0264645589864878,,True,False,7962448471,data/pit_recovery/github_artifacts/7962448471/scanner/2026-06-30/daily_scan_log_20260630_0435.csv,daily_scan_log,cd4a8c91a89e03f77a1f1abb1ccee5d5a77dbb8cf5c9f4d35b0dfb8a2149ef56,PIT_ARTIFACT_CAPTURED_CURRENT_UNIVERSE_PARTIAL,False,True,False,False
GLW,S,2026-06-29,2026-06-29T15:55:00-04:00,58.5,82.26,breakout,True,False,255.77999877929688,230.5,1.502449991308151,98.78542510121456,0.0264645589864878,,True,False,7979733181,data/pit_recovery/github_artifacts/7979733181/scanner/2026-06-30/daily_scan_log_20260630_2058.csv,daily_scan_log,4996bd165878860210378ac1c24686226b730918e6c1253821f0fe57da465e8c,PIT_ARTIFACT_CAPTURED_CURRENT_UNIVERSE_PARTIAL,False,True,False,False
RVMD,A,2026-06-29,2026-06-29T11:00:00-04:00,49.0,68.0,csv_only,False,False,184.9199981689453,184.38999938964844,1.8760487513068411,98.78542510121456,0.0023066683036119,excluded_biotech_healthcare,False,True,7955872814,data/pit_recovery/github_artifacts/7955872814/scanner/2026-06-30/daily_scan_log_20260630_0003.csv,daily_scan_log,bbc5a6b8611c321e13fcc2b39553e63b20720bd2c8f13a96a8887c0a2ad26370,PIT_ARTIFACT_CAPTURED_CURRENT_UNIVERSE_PARTIAL,False,True,False,False
RVMD,A,2026-06-29,2026-06-29T15:35:00-04:00,44.0,82.48,breakout,True,False,190.4850006103516,184.38999938964844,1.3487597908684676,98.68287740628166,0.0023066683036119,excluded_biotech_healthcare,False,True,7962448471,data/pit_recovery/github_artifacts/7962448471/scanner/2026-06-30/daily_scan_log_20260630_0435.csv,daily_scan_log,cd4a8c91a89e03f77a1f1abb1ccee5d5a77dbb8cf5c9f4d35b0dfb8a2149ef56,PIT_ARTIFACT_CAPTURED_CURRENT_UNIVERSE_PARTIAL,False,True,False,False
RVMD,S,2026-06-29,2026-06-29T15:55:00-04:00,52.0,86.5,breakout,True,False,192.58999633789065,184.38999938964844,1.540538398406557,98.68421052631578,0.0023066683036119,excluded_biotech_healthcare,False,True,7979733181,data/pit_recovery/github_artifacts/7979733181/scanner/2026-06-30/daily_scan_log_20260630_2058.csv,daily_scan_log,4996bd165878860210378ac1c24686226b730918e6c1253821f0fe57da465e8c,PIT_ARTIFACT_CAPTURED_CURRENT_UNIVERSE_PARTIAL,False,True,False,False
AMAT,A,2026-06-30,2026-06-30T15:55:00-04:00,46.5,83.63,breakout,True,False,723.7999877929688,708.989990234375,1.3070209312053704,98.38056680161942,0.0041172194104164,,True,False,8009901665,data/pit_recovery/github_artifacts/8009901665/scanner/2026-07-01/daily_scan_log_20260701_2129.csv,daily_scan_log,10bfe60e3a108693cc788bd84d042d76fd7b375c774b8a9e52cb72d6dfb1140c,PIT_ARTIFACT_CAPTURED_CURRENT_UNIVERSE_PARTIAL,False,True,False,False
MKSI,S,2026-06-30,2026-06-30T15:55:00-04:00,53.5,82.77,breakout,True,False,445.3299865722656,421.5799865722656,1.516894161728035,98.582995951417,0.0235096124502329,,True,False,8009901665,data/pit_recovery/github_artifacts/8009901665/scanner/2026-07-01/daily_scan_log_20260701_2129.csv,daily_scan_log,10bfe60e3a108693cc788bd84d042d76fd7b375c774b8a9e52cb72d6dfb1140c,PIT_ARTIFACT_CAPTURED_CURRENT_UNIVERSE_PARTIAL,False,True,False,False
MRNA,S,2026-07-02,2026-07-02T15:00:00-04:00,53.0,79.46,csv_only,True,False,78.6500015258789,73.91000366210938,1.6176173624259524,98.27760891590678,0.0191724053744613,excluded_biotech_healthcare,False,True,8048975036,data/pit_recovery/github_artifacts/8048975036/scanner/2026-07-03/daily_scan_log_20260703_0404.csv,daily_scan_log,f9ee60f971aeb36b4b75134085eb480ec9ce3271e776daeba24447662d2b3783,PIT_ARTIFACT_CAPTURED_CURRENT_UNIVERSE_PARTIAL,False,True,False,False
MRNA,S,2026-07-02,2026-07-02T15:05:00-04:00,53.0,79.52,csv_only,True,False,78.61000061035156,73.91000366210938,1.6026698546598734,98.37892603850052,0.0191724053744613,excluded_biotech_healthcare,False,True,8049064549,data/pit_recovery/github_artifacts/8049064549/scanner/2026-07-03/daily_scan_log_20260703_0408.csv,daily_scan_log,316762a0f8718ad7bdfeca46bcbfb2594c1b4e05306e649d0138f44c5376c179,PIT_ARTIFACT_CAPTURED_CURRENT_UNIVERSE_PARTIAL,False,True,False,False
MRNA,S,2026-07-02,2026-07-02T15:55:00-04:00,53.0,83.82,breakout,True,False,79.80000305175781,73.91000366210938,1.6340712449793784,98.37892603850052,0.0191724053744613,excluded_biotech_healthcare,False,True,8109646813,data/pit_recovery/github_artifacts/8109646813/scanner/2026-07-06/daily_scan_log_20260706_2159.csv,daily_scan_log,82d8e22abd686fb962f5bb5e4b438a25bad44bd111d7fc2dbd1c508e373d905e,PIT_ARTIFACT_CAPTURED_CURRENT_UNIVERSE_PARTIAL,False,True,False,False
MRNA,A,2026-07-06,2026-07-06T15:30:00-04:00,48.0,79.58,csv_only,True,False,81.79000091552734,81.4000015258789,1.5208822529899912,98.58156028368792,-0.0132899342978676,excluded_biotech_healthcare,False,True,8119538987,data/pit_recovery/github_artifacts/8119538987/scanner/2026-07-07/daily_scan_log_20260707_0434.csv,daily_scan_log,2a05b8d0cce5993485cec9671223cc1ad57b3d160f96c32003abffa66cfaca28,PIT_ARTIFACT_CAPTURED_CURRENT_UNIVERSE_PARTIAL,False,True,False,False
MRNA,A,2026-07-06,2026-07-06T15:55:00-04:00,48.0,86.0,breakout,True,False,81.76000213623047,81.4000015258789,1.747596396762707,98.58156028368792,-0.0132899342978676,excluded_biotech_healthcare,False,True,8136603015,data/pit_recovery/github_artifacts/8136603015/scanner/2026-07-07/daily_scan_log_20260707_2041.csv,daily_scan_log,8cbada6891b20bc1e885692e722ba3e9715822cd32ee775d145d8cb7b8f2c8d9,PIT_ARTIFACT_CAPTURED_CURRENT_UNIVERSE_PARTIAL,False,True,False,False
