date,old_s_member_count,old_s_median_1d_return,old_s_median_2d_return,old_s_down_ratio,old_s_new_20d_low_count,old_s_median_close_location,old_s_median_sell_efficiency,pre60_vs_adjustment2d_corr,winner_q4_minus_laggard_q1_adjustment_return,degross_classification,classification_reason,research_only,execution_allowed,live_order_allowed,broker_integration_allowed,webull_integration_allowed,consumable_by_production,signal_scope
2024-02-06,0,,,,0,,,,,UNKNOWN,price_cross_section_only_no_fundamental_confirmation,True,False,False,False,False,False,MORITA_FIRST_ABSORPTION_REVERSAL_V1_RESEARCH_ONLY
2024-02-07,0,,,,0,,,,,UNKNOWN,price_cross_section_only_no_fundamental_confirmation,True,False,False,False,False,False,MORITA_FIRST_ABSORPTION_REVERSAL_V1_RESEARCH_ONLY
2024-02-08,0,,,,0,,,,,UNKNOWN,price_cross_section_only_no_fundamental_confirmation,True,False,False,False,False,False,MORITA_FIRST_ABSORPTION_REVERSAL_V1_RESEARCH_ONLY
2024-02-09,0,,,,0,,,,,UNKNOWN,price_cross_section_only_no_fundamental_confirmation,True,False,False,False,False,False,MORITA_FIRST_ABSORPTION_REVERSAL_V1_RESEARCH_ONLY
2024-02-12,0,,,,0,,,,,UNKNOWN,price_cross_section_only_no_fundamental_confirmation,True,False,False,False,False,False,MORITA_FIRST_ABSORPTION_REVERSAL_V1_RESEARCH_ONLY
2024-02-13,0,,,,0,,,,,UNKNOWN,price_cross_section_only_no_fundamental_confirmation,True,False,False,False,False,False,MORITA_FIRST_ABSORPTION_REVERSAL_V1_RESEARCH_ONLY
2024-02-14,0,,,,0,,,,,UNKNOWN,price_cross_section_only_no_fundamental_confirmation,True,False,False,False,False,False,MORITA_FIRST_ABSORPTION_REVERSAL_V1_RESEARCH_ONLY
2024-02-15,0,,,,0,,,,,UNKNOWN,price_cross_section_only_no_fundamental_confirmation,True,False,False,False,False,False,MORITA_FIRST_ABSORPTION_REVERSAL_V1_RESEARCH_ONLY
2024-02-16,0,,,,0,,,,,UNKNOWN,price_cross_section_only_no_fundamental_confirmation,True,False,False,False,False,False,MORITA_FIRST_ABSORPTION_REVERSAL_V1_RESEARCH_ONLY
2024-02-20,0,,,,0,,,,,UNKNOWN,price_cross_section_only_no_fundamental_confirmation,True,False,False,False,False,False,MORITA_FIRST_ABSORPTION_REVERSAL_V1_RESEARCH_ONLY
2024-02-21,0,,,,0,,,,,UNKNOWN,price_cross_section_only_no_fundamental_confirmation,True,False,False,False,False,False,MORITA_FIRST_ABSORPTION_REVERSAL_V1_RESEARCH_ONLY
2024-02-22,0,,,,0,,,,,UNKNOWN,price_cross_section_only_no_fundamental_confirmation,True,False,False,False,False,False,MORITA_FIRST_ABSORPTION_REVERSAL_V1_RESEARCH_ONLY
2024-02-23,0,,,,0,,,,,UNKNOWN,price_cross_section_only_no_fundamental_confirmation,True,False,False,False,False,False,MORITA_FIRST_ABSORPTION_REVERSAL_V1_RESEARCH_ONLY
2024-02-26,0,,,,0,,,,,UNKNOWN,price_cross_section_only_no_fundamental_confirmation,True,False,False,False,False,False,MORITA_FIRST_ABSORPTION_REVERSAL_V1_RESEARCH_ONLY
2024-02-27,0,,,,0,,,,,UNKNOWN,price_cross_section_only_no_fundamental_confirmation,True,False,False,False,False,False,MORITA_FIRST_ABSORPTION_REVERSAL_V1_RESEARCH_ONLY
2024-02-28,0,,,,0,,,,,UNKNOWN,price_cross_section_only_no_fundamental_confirmation,True,False,False,False,False,False,MORITA_FIRST_ABSORPTION_REVERSAL_V1_RESEARCH_ONLY
2024-02-29,0,,,,0,,,,,UNKNOWN,price_cross_section_only_no_fundamental_confirmation,True,False,False,False,False,False,MORITA_FIRST_ABSORPTION_REVERSAL_V1_RESEARCH_ONLY
2024-03-01,0,,,,0,,,,,UNKNOWN,price_cross_section_only_no_fundamental_confirmation,True,False,False,False,False,False,MORITA_FIRST_ABSORPTION_REVERSAL_V1_RESEARCH_ONLY
2024-03-04,0,,,,0,,,,,UNKNOWN,price_cross_section_only_no_fundamental_confirmation,True,False,False,False,False,False,MORITA_FIRST_ABSORPTION_REVERSAL_V1_RESEARCH_ONLY
2024-03-05,0,,,,0,,,,,UNKNOWN,price_cross_section_only_no_fundamental_confirmation,True,False,False,False,False,False,MORITA_FIRST_ABSORPTION_REVERSAL_V1_RESEARCH_ONLY
2024-03-06,0,,,,0,,,,,UNKNOWN,price_cross_section_only_no_fundamental_confirmation,True,False,False,False,False,False,MORITA_FIRST_ABSORPTION_REVERSAL_V1_RESEARCH_ONLY
2024-03-07,0,,,,0,,,,,UNKNOWN,price_cross_section_only_no_fundamental_confirmation,True,False,False,False,False,False,MORITA_FIRST_ABSORPTION_REVERSAL_V1_RESEARCH_ONLY
2024-03-08,0,,,,0,,,,,UNKNOWN,price_cross_section_only_no_fundamental_confirmation,True,False,False,False,False,False,MORITA_FIRST_ABSORPTION_REVERSAL_V1_RESEARCH_ONLY
2024-03-11,0,,,,0,,,,,UNKNOWN,price_cross_section_only_no_fundamental_confirmation,True,False,False,False,False,False,MORITA_FIRST_ABSORPTION_REVERSAL_V1_RESEARCH_ONLY
2024-03-12,0,,,,0,,,,,UNKNOWN,price_cross_section_only_no_fundamental_confirmation,True,False,False,False,False,False,MORITA_FIRST_ABSORPTION_REVERSAL_V1_RESEARCH_ONLY
2024-03-13,0,,,,0,,,,,UNKNOWN,price_cross_section_only_no_fundamental_confirmation,True,False,False,False,False,False,MORITA_FIRST_ABSORPTION_REVERSAL_V1_RESEARCH_ONLY
2024-03-14,0,,,,0,,,,,UNKNOWN,price_cross_section_only_no_fundamental_confirmation,True,False,False,False,False,False,MORITA_FIRST_ABSORPTION_REVERSAL_V1_RESEARCH_ONLY
2024-03-15,0,,,,0,,,,,UNKNOWN,price_cross_section_only_no_fundamental_confirmation,True,False,False,False,False,False,MORITA_FIRST_ABSORPTION_REVERSAL_V1_RESEARCH_ONLY
2024-03-18,0,,,,0,,,,,UNKNOWN,price_cross_section_only_no_fundamental_confirmation,True,False,False,False,False,False,MORITA_FIRST_ABSORPTION_REVERSAL_V1_RESEARCH_ONLY
2024-03-19,0,,,,0,,,,,UNKNOWN,price_cross_section_only_no_fundamental_confirmation,True,False,False,False,False,False,MORITA_FIRST_ABSORPTION_REVERSAL_V1_RESEARCH_ONLY
2024-03-20,0,,,,0,,,,,UNKNOWN,price_cross_section_only_no_fundamental_confirmation,True,False,False,False,False,False,MORITA_FIRST_ABSORPTION_REVERSAL_V1_RESEARCH_ONLY
2024-03-21,0,,,,0,,,,,UNKNOWN,price_cross_section_only_no_fundamental_confirmation,True,False,False,False,False,False,MORITA_FIRST_ABSORPTION_REVERSAL_V1_RESEARCH_ONLY
2024-03-22,0,,,,0,,,,,UNKNOWN,price_cross_section_only_no_fundamental_confirmation,True,False,False,False,False,False,MORITA_FIRST_ABSORPTION_REVERSAL_V1_RESEARCH_ONLY
2024-03-25,0,,,,0,,,,,UNKNOWN,price_cross_section_only_no_fundamental_confirmation,True,False,False,False,False,False,MORITA_FIRST_ABSORPTION_REVERSAL_V1_RESEARCH_ONLY
2024-03-26,0,,,,0,,,,,UNKNOWN,price_cross_section_only_no_fundamental_confirmation,True,False,False,False,False,False,MORITA_FIRST_ABSORPTION_REVERSAL_V1_RESEARCH_ONLY
2024-03-27,0,,,,0,,,,,UNKNOWN,price_cross_section_only_no_fundamental_confirmation,True,False,False,False,False,False,MORITA_FIRST_ABSORPTION_REVERSAL_V1_RESEARCH_ONLY
2024-03-28,0,,,,0,,,,,UNKNOWN,price_cross_section_only_no_fundamental_confirmation,True,False,False,False,False,False,MORITA_FIRST_ABSORPTION_REVERSAL_V1_RESEARCH_ONLY
2024-04-01,0,,,,0,,,,,UNKNOWN,price_cross_section_only_no_fundamental_confirmation,True,False,False,False,False,False,MORITA_FIRST_ABSORPTION_REVERSAL_V1_RESEARCH_ONLY
2024-04-02,0,,,,0,,,,,UNKNOWN,price_cross_section_only_no_fundamental_confirmation,True,False,False,False,False,False,MORITA_FIRST_ABSORPTION_REVERSAL_V1_RESEARCH_ONLY
2024-04-03,0,,,,0,,,,,UNKNOWN,price_cross_section_only_no_fundamental_confirmation,True,False,False,False,False,False,MORITA_FIRST_ABSORPTION_REVERSAL_V1_RESEARCH_ONLY
2024-04-04,0,,,,0,,,,,UNKNOWN,price_cross_section_only_no_fundamental_confirmation,True,False,False,False,False,False,MORITA_FIRST_ABSORPTION_REVERSAL_V1_RESEARCH_ONLY
2024-04-05,0,,,,0,,,,,UNKNOWN,price_cross_section_only_no_fundamental_confirmation,True,False,False,False,False,False,MORITA_FIRST_ABSORPTION_REVERSAL_V1_RESEARCH_ONLY
2024-04-08,0,,,,0,,,,,UNKNOWN,price_cross_section_only_no_fundamental_confirmation,True,False,False,False,False,False,MORITA_FIRST_ABSORPTION_REVERSAL_V1_RESEARCH_ONLY
2024-04-09,0,,,,0,,,,,UNKNOWN,price_cross_section_only_no_fundamental_confirmation,True,False,False,False,False,False,MORITA_FIRST_ABSORPTION_REVERSAL_V1_RESEARCH_ONLY
2024-04-10,0,,,,0,,,,,UNKNOWN,price_cross_section_only_no_fundamental_confirmation,True,False,False,False,False,False,MORITA_FIRST_ABSORPTION_REVERSAL_V1_RESEARCH_ONLY
2024-04-11,0,,,,0,,,,,UNKNOWN,price_cross_section_only_no_fundamental_confirmation,True,False,False,False,False,False,MORITA_FIRST_ABSORPTION_REVERSAL_V1_RESEARCH_ONLY
2024-04-12,0,,,,0,,,,,UNKNOWN,price_cross_section_only_no_fundamental_confirmation,True,False,False,False,False,False,MORITA_FIRST_ABSORPTION_REVERSAL_V1_RESEARCH_ONLY
2024-04-15,0,,,,0,,,,,UNKNOWN,price_cross_section_only_no_fundamental_confirmation,True,False,False,False,False,False,MORITA_FIRST_ABSORPTION_REVERSAL_V1_RESEARCH_ONLY
2024-04-16,0,,,,0,,,,,UNKNOWN,price_cross_section_only_no_fundamental_confirmation,True,False,False,False,False,False,MORITA_FIRST_ABSORPTION_REVERSAL_V1_RESEARCH_ONLY
2024-04-17,0,,,,0,,,,,UNKNOWN,price_cross_section_only_no_fundamental_confirmation,True,False,False,False,False,False,MORITA_FIRST_ABSORPTION_REVERSAL_V1_RESEARCH_ONLY
2024-04-18,0,,,,0,,,,,UNKNOWN,price_cross_section_only_no_fundamental_confirmation,True,False,False,False,False,False,MORITA_FIRST_ABSORPTION_REVERSAL_V1_RESEARCH_ONLY
2024-04-19,0,,,,0,,,,,UNKNOWN,price_cross_section_only_no_fundamental_confirmation,True,False,False,False,False,False,MORITA_FIRST_ABSORPTION_REVERSAL_V1_RESEARCH_ONLY
2024-04-22,0,,,,0,,,,,UNKNOWN,price_cross_section_only_no_fundamental_confirmation,True,False,False,False,False,False,MORITA_FIRST_ABSORPTION_REVERSAL_V1_RESEARCH_ONLY
2024-04-23,0,,,,0,,,,,UNKNOWN,price_cross_section_only_no_fundamental_confirmation,True,False,False,False,False,False,MORITA_FIRST_ABSORPTION_REVERSAL_V1_RESEARCH_ONLY
2024-04-24,0,,,,0,,,,,UNKNOWN,price_cross_section_only_no_fundamental_confirmation,True,False,False,False,False,False,MORITA_FIRST_ABSORPTION_REVERSAL_V1_RESEARCH_ONLY
2024-04-25,0,,,,0,,,,,UNKNOWN,price_cross_section_only_no_fundamental_confirmation,True,False,False,False,False,False,MORITA_FIRST_ABSORPTION_REVERSAL_V1_RESEARCH_ONLY
2024-04-26,0,,,,0,,,,,UNKNOWN,price_cross_section_only_no_fundamental_confirmation,True,False,False,False,False,False,MORITA_FIRST_ABSORPTION_REVERSAL_V1_RESEARCH_ONLY
2024-04-29,0,,,,0,,,,,UNKNOWN,price_cross_section_only_no_fundamental_confirmation,True,False,False,False,False,False,MORITA_FIRST_ABSORPTION_REVERSAL_V1_RESEARCH_ONLY
2024-04-30,0,,,,0,,,,,UNKNOWN,price_cross_section_only_no_fundamental_confirmation,True,False,False,False,False,False,MORITA_FIRST_ABSORPTION_REVERSAL_V1_RESEARCH_ONLY
2024-05-01,0,,,,0,,,,,UNKNOWN,price_cross_section_only_no_fundamental_confirmation,True,False,False,False,False,False,MORITA_FIRST_ABSORPTION_REVERSAL_V1_RESEARCH_ONLY
2024-05-02,0,,,,0,,,,,UNKNOWN,price_cross_section_only_no_fundamental_confirmation,True,False,False,False,False,False,MORITA_FIRST_ABSORPTION_REVERSAL_V1_RESEARCH_ONLY
2024-05-03,0,,,,0,,,,,UNKNOWN,price_cross_section_only_no_fundamental_confirmation,True,False,False,False,False,False,MORITA_FIRST_ABSORPTION_REVERSAL_V1_RESEARCH_ONLY
2024-05-06,0,,,,0,,,,,UNKNOWN,price_cross_section_only_no_fundamental_confirmation,True,False,False,False,False,False,MORITA_FIRST_ABSORPTION_REVERSAL_V1_RESEARCH_ONLY
2024-05-07,0,,,,0,,,,,UNKNOWN,price_cross_section_only_no_fundamental_confirmation,True,False,False,False,False,False,MORITA_FIRST_ABSORPTION_REVERSAL_V1_RESEARCH_ONLY
2024-05-08,0,,,,0,,,,,UNKNOWN,price_cross_section_only_no_fundamental_confirmation,True,False,False,False,False,False,MORITA_FIRST_ABSORPTION_REVERSAL_V1_RESEARCH_ONLY
2024-05-09,0,,,,0,,,,,UNKNOWN,price_cross_section_only_no_fundamental_confirmation,True,False,False,False,False,False,MORITA_FIRST_ABSORPTION_REVERSAL_V1_RESEARCH_ONLY
2024-05-10,0,,,,0,,,,,UNKNOWN,price_cross_section_only_no_fundamental_confirmation,True,False,False,False,False,False,MORITA_FIRST_ABSORPTION_REVERSAL_V1_RESEARCH_ONLY
2024-05-13,0,,,,0,,,,,UNKNOWN,price_cross_section_only_no_fundamental_confirmation,True,False,False,False,False,False,MORITA_FIRST_ABSORPTION_REVERSAL_V1_RESEARCH_ONLY
2024-05-14,0,,,,0,,,,,UNKNOWN,price_cross_section_only_no_fundamental_confirmation,True,False,False,False,False,False,MORITA_FIRST_ABSORPTION_REVERSAL_V1_RESEARCH_ONLY
2024-05-15,0,,,,0,,,,,UNKNOWN,price_cross_section_only_no_fundamental_confirmation,True,False,False,False,False,False,MORITA_FIRST_ABSORPTION_REVERSAL_V1_RESEARCH_ONLY
2024-05-16,0,,,,0,,,,,UNKNOWN,price_cross_section_only_no_fundamental_confirmation,True,False,False,False,False,False,MORITA_FIRST_ABSORPTION_REVERSAL_V1_RESEARCH_ONLY
2024-05-17,0,,,,0,,,,,UNKNOWN,price_cross_section_only_no_fundamental_confirmation,True,False,False,False,False,False,MORITA_FIRST_ABSORPTION_REVERSAL_V1_RESEARCH_ONLY
2024-05-20,0,,,,0,,,,,UNKNOWN,price_cross_section_only_no_fundamental_confirmation,True,False,False,False,False,False,MORITA_FIRST_ABSORPTION_REVERSAL_V1_RESEARCH_ONLY
2024-05-21,0,,,,0,,,,,UNKNOWN,price_cross_section_only_no_fundamental_confirmation,True,False,False,False,False,False,MORITA_FIRST_ABSORPTION_REVERSAL_V1_RESEARCH_ONLY
2024-05-22,0,,,,0,,,,,UNKNOWN,price_cross_section_only_no_fundamental_confirmation,True,False,False,False,False,False,MORITA_FIRST_ABSORPTION_REVERSAL_V1_RESEARCH_ONLY
2024-05-23,0,,,,0,,,,,UNKNOWN,price_cross_section_only_no_fundamental_confirmation,True,False,False,False,False,False,MORITA_FIRST_ABSORPTION_REVERSAL_V1_RESEARCH_ONLY
2024-05-24,1,0.7782472870305264,0.7847755886997376,0.0,0,0.9982743289971966,0.0,,,UNKNOWN,price_cross_section_only_no_fundamental_confirmation,True,False,False,False,False,False,MORITA_FIRST_ABSORPTION_REVERSAL_V1_RESEARCH_ONLY
2024-05-28,1,0.0698043475846295,0.9023766787458296,0.0,0,0.794698958804889,0.0,,,UNKNOWN,price_cross_section_only_no_fundamental_confirmation,True,False,False,False,False,False,MORITA_FIRST_ABSORPTION_REVERSAL_V1_RESEARCH_ONLY
2024-05-29,1,0.00811227262058778,0.07848289210292614,0.0,0,0.8547156548140374,0.0,,,UNKNOWN,price_cross_section_only_no_fundamental_confirmation,True,False,False,False,False,False,MORITA_FIRST_ABSORPTION_REVERSAL_V1_RESEARCH_ONLY
2024-05-30,1,-0.037665987922400834,-0.02985927206436334,1.0,0,0.13596462418776545,0.043291077472602836,,,UNKNOWN,price_cross_section_only_no_fundamental_confirmation,True,False,False,False,False,False,MORITA_FIRST_ABSORPTION_REVERSAL_V1_RESEARCH_ONLY
2024-05-31,1,-0.007846124571373014,-0.045216580460430866,1.0,0,0.46615900887873,0.006850520767211495,,,UNKNOWN,price_cross_section_only_no_fundamental_confirmation,True,False,False,False,False,False,MORITA_FIRST_ABSORPTION_REVERSAL_V1_RESEARCH_ONLY
2024-06-03,1,0.048954207280440754,0.040723981900452566,0.0,0,1.0,0.0,,,UNKNOWN,price_cross_section_only_no_fundamental_confirmation,True,False,False,False,False,False,MORITA_FIRST_ABSORPTION_REVERSAL_V1_RESEARCH_ONLY
2024-06-04,1,0.012495621390964606,0.0620615419110766,0.0,0,0.9362027418040004,0.0,,,UNKNOWN,price_cross_section_only_no_fundamental_confirmation,True,False,False,False,False,False,MORITA_FIRST_ABSORPTION_REVERSAL_V1_RESEARCH_ONLY
2024-06-05,1,0.05155582988186702,0.06469567340353244,0.0,0,0.9981941247018898,0.0,,,UNKNOWN,price_cross_section_only_no_fundamental_confirmation,True,False,False,False,False,False,MORITA_FIRST_ABSORPTION_REVERSAL_V1_RESEARCH_ONLY
2024-06-06,1,-0.011777207726400563,0.03917143843744064,1.0,0,0.3685154855643025,0.008996042453813396,,,UNKNOWN,price_cross_section_only_no_fundamental_confirmation,True,False,False,False,False,False,MORITA_FIRST_ABSORPTION_REVERSAL_V1_RESEARCH_ONLY
2024-06-07,1,-0.0009091109716919954,-0.01267561190933264,1.0,0,0.780926088384601,0.001130321008537472,,,UNKNOWN,price_cross_section_only_no_fundamental_confirmation,True,False,False,False,False,False,MORITA_FIRST_ABSORPTION_REVERSAL_V1_RESEARCH_ONLY
2024-06-10,0,,,,0,,,,,UNKNOWN,price_cross_section_only_no_fundamental_confirmation,True,False,False,False,False,False,MORITA_FIRST_ABSORPTION_REVERSAL_V1_RESEARCH_ONLY
2024-06-11,0,,,,0,,,,,UNKNOWN,price_cross_section_only_no_fundamental_confirmation,True,False,False,False,False,False,MORITA_FIRST_ABSORPTION_REVERSAL_V1_RESEARCH_ONLY
2024-06-12,0,,,,0,,,,,UNKNOWN,price_cross_section_only_no_fundamental_confirmation,True,False,False,False,False,False,MORITA_FIRST_ABSORPTION_REVERSAL_V1_RESEARCH_ONLY
2024-06-13,0,,,,0,,,,,UNKNOWN,price_cross_section_only_no_fundamental_confirmation,True,False,False,False,False,False,MORITA_FIRST_ABSORPTION_REVERSAL_V1_RESEARCH_ONLY
2024-06-14,0,,,,0,,,,,UNKNOWN,price_cross_section_only_no_fundamental_confirmation,True,False,False,False,False,False,MORITA_FIRST_ABSORPTION_REVERSAL_V1_RESEARCH_ONLY
2024-06-17,0,,,,0,,,,,UNKNOWN,price_cross_section_only_no_fundamental_confirmation,True,False,False,False,False,False,MORITA_FIRST_ABSORPTION_REVERSAL_V1_RESEARCH_ONLY
2024-06-18,0,,,,0,,,,,UNKNOWN,price_cross_section_only_no_fundamental_confirmation,True,False,False,False,False,False,MORITA_FIRST_ABSORPTION_REVERSAL_V1_RESEARCH_ONLY
2024-06-20,0,,,,0,,,,,UNKNOWN,price_cross_section_only_no_fundamental_confirmation,True,False,False,False,False,False,MORITA_FIRST_ABSORPTION_REVERSAL_V1_RESEARCH_ONLY
2024-06-21,0,,,,0,,,,,UNKNOWN,price_cross_section_only_no_fundamental_confirmation,True,False,False,False,False,False,MORITA_FIRST_ABSORPTION_REVERSAL_V1_RESEARCH_ONLY
2024-06-24,0,,,,0,,,,,UNKNOWN,price_cross_section_only_no_fundamental_confirmation,True,False,False,False,False,False,MORITA_FIRST_ABSORPTION_REVERSAL_V1_RESEARCH_ONLY
2024-06-25,0,,,,0,,,,,UNKNOWN,price_cross_section_only_no_fundamental_confirmation,True,False,False,False,False,False,MORITA_FIRST_ABSORPTION_REVERSAL_V1_RESEARCH_ONLY
2024-06-26,0,,,,0,,,,,UNKNOWN,price_cross_section_only_no_fundamental_confirmation,True,False,False,False,False,False,MORITA_FIRST_ABSORPTION_REVERSAL_V1_RESEARCH_ONLY
2024-06-27,0,,,,0,,,,,UNKNOWN,price_cross_section_only_no_fundamental_confirmation,True,False,False,False,False,False,MORITA_FIRST_ABSORPTION_REVERSAL_V1_RESEARCH_ONLY
2024-06-28,0,,,,0,,,,,UNKNOWN,price_cross_section_only_no_fundamental_confirmation,True,False,False,False,False,False,MORITA_FIRST_ABSORPTION_REVERSAL_V1_RESEARCH_ONLY
2024-07-01,0,,,,0,,,,,UNKNOWN,price_cross_section_only_no_fundamental_confirmation,True,False,False,False,False,False,MORITA_FIRST_ABSORPTION_REVERSAL_V1_RESEARCH_ONLY
2024-07-02,0,,,,0,,,,,UNKNOWN,price_cross_section_only_no_fundamental_confirmation,True,False,False,False,False,False,MORITA_FIRST_ABSORPTION_REVERSAL_V1_RESEARCH_ONLY
2024-07-03,0,,,,0,,,,,UNKNOWN,price_cross_section_only_no_fundamental_confirmation,True,False,False,False,False,False,MORITA_FIRST_ABSORPTION_REVERSAL_V1_RESEARCH_ONLY
2024-07-05,0,,,,0,,,,,UNKNOWN,price_cross_section_only_no_fundamental_confirmation,True,False,False,False,False,False,MORITA_FIRST_ABSORPTION_REVERSAL_V1_RESEARCH_ONLY
2024-07-08,0,,,,0,,,,,UNKNOWN,price_cross_section_only_no_fundamental_confirmation,True,False,False,False,False,False,MORITA_FIRST_ABSORPTION_REVERSAL_V1_RESEARCH_ONLY
2024-07-09,0,,,,0,,,,,UNKNOWN,price_cross_section_only_no_fundamental_confirmation,True,False,False,False,False,False,MORITA_FIRST_ABSORPTION_REVERSAL_V1_RESEARCH_ONLY
2024-07-10,0,,,,0,,,,,UNKNOWN,price_cross_section_only_no_fundamental_confirmation,True,False,False,False,False,False,MORITA_FIRST_ABSORPTION_REVERSAL_V1_RESEARCH_ONLY
2024-07-11,0,,,,0,,,,,UNKNOWN,price_cross_section_only_no_fundamental_confirmation,True,False,False,False,False,False,MORITA_FIRST_ABSORPTION_REVERSAL_V1_RESEARCH_ONLY
2024-07-12,0,,,,0,,,,,UNKNOWN,price_cross_section_only_no_fundamental_confirmation,True,False,False,False,False,False,MORITA_FIRST_ABSORPTION_REVERSAL_V1_RESEARCH_ONLY
2024-07-15,0,,,,0,,,,,UNKNOWN,price_cross_section_only_no_fundamental_confirmation,True,False,False,False,False,False,MORITA_FIRST_ABSORPTION_REVERSAL_V1_RESEARCH_ONLY
2024-07-16,0,,,,0,,,,,UNKNOWN,price_cross_section_only_no_fundamental_confirmation,True,False,False,False,False,False,MORITA_FIRST_ABSORPTION_REVERSAL_V1_RESEARCH_ONLY
2024-07-17,0,,,,0,,,,,UNKNOWN,price_cross_section_only_no_fundamental_confirmation,True,False,False,False,False,False,MORITA_FIRST_ABSORPTION_REVERSAL_V1_RESEARCH_ONLY
2024-07-18,0,,,,0,,,,,UNKNOWN,price_cross_section_only_no_fundamental_confirmation,True,False,False,False,False,False,MORITA_FIRST_ABSORPTION_REVERSAL_V1_RESEARCH_ONLY
2024-07-19,0,,,,0,,,,,UNKNOWN,price_cross_section_only_no_fundamental_confirmation,True,False,False,False,False,False,MORITA_FIRST_ABSORPTION_REVERSAL_V1_RESEARCH_ONLY
2024-07-22,0,,,,0,,,,,UNKNOWN,price_cross_section_only_no_fundamental_confirmation,True,False,False,False,False,False,MORITA_FIRST_ABSORPTION_REVERSAL_V1_RESEARCH_ONLY
2024-07-23,0,,,,0,,,,,UNKNOWN,price_cross_section_only_no_fundamental_confirmation,True,False,False,False,False,False,MORITA_FIRST_ABSORPTION_REVERSAL_V1_RESEARCH_ONLY
2024-07-24,0,,,,0,,,,,UNKNOWN,price_cross_section_only_no_fundamental_confirmation,True,False,False,False,False,False,MORITA_FIRST_ABSORPTION_REVERSAL_V1_RESEARCH_ONLY
2024-07-25,0,,,,0,,,,,UNKNOWN,price_cross_section_only_no_fundamental_confirmation,True,False,False,False,False,False,MORITA_FIRST_ABSORPTION_REVERSAL_V1_RESEARCH_ONLY
2024-07-26,0,,,,0,,,,,UNKNOWN,price_cross_section_only_no_fundamental_confirmation,True,False,False,False,False,False,MORITA_FIRST_ABSORPTION_REVERSAL_V1_RESEARCH_ONLY
2024-07-29,0,,,,0,,,,,UNKNOWN,price_cross_section_only_no_fundamental_confirmation,True,False,False,False,False,False,MORITA_FIRST_ABSORPTION_REVERSAL_V1_RESEARCH_ONLY
2024-07-30,0,,,,0,,,,,UNKNOWN,price_cross_section_only_no_fundamental_confirmation,True,False,False,False,False,False,MORITA_FIRST_ABSORPTION_REVERSAL_V1_RESEARCH_ONLY
2024-07-31,0,,,,0,,,,,UNKNOWN,price_cross_section_only_no_fundamental_confirmation,True,False,False,False,False,False,MORITA_FIRST_ABSORPTION_REVERSAL_V1_RESEARCH_ONLY
2024-08-01,0,,,,0,,,,,UNKNOWN,price_cross_section_only_no_fundamental_confirmation,True,False,False,False,False,False,MORITA_FIRST_ABSORPTION_REVERSAL_V1_RESEARCH_ONLY
2024-08-02,0,,,,0,,,,,UNKNOWN,price_cross_section_only_no_fundamental_confirmation,True,False,False,False,False,False,MORITA_FIRST_ABSORPTION_REVERSAL_V1_RESEARCH_ONLY
2024-08-05,0,,,,0,,,,,UNKNOWN,price_cross_section_only_no_fundamental_confirmation,True,False,False,False,False,False,MORITA_FIRST_ABSORPTION_REVERSAL_V1_RESEARCH_ONLY
2024-08-06,0,,,,0,,,,,UNKNOWN,price_cross_section_only_no_fundamental_confirmation,True,False,False,False,False,False,MORITA_FIRST_ABSORPTION_REVERSAL_V1_RESEARCH_ONLY
2024-08-07,0,,,,0,,,,,UNKNOWN,price_cross_section_only_no_fundamental_confirmation,True,False,False,False,False,False,MORITA_FIRST_ABSORPTION_REVERSAL_V1_RESEARCH_ONLY
2024-08-08,0,,,,0,,,,,UNKNOWN,price_cross_section_only_no_fundamental_confirmation,True,False,False,False,False,False,MORITA_FIRST_ABSORPTION_REVERSAL_V1_RESEARCH_ONLY
2024-08-09,0,,,,0,,,,,UNKNOWN,price_cross_section_only_no_fundamental_confirmation,True,False,False,False,False,False,MORITA_FIRST_ABSORPTION_REVERSAL_V1_RESEARCH_ONLY
2024-08-12,0,,,,0,,,,,UNKNOWN,price_cross_section_only_no_fundamental_confirmation,True,False,False,False,False,False,MORITA_FIRST_ABSORPTION_REVERSAL_V1_RESEARCH_ONLY
2024-08-13,0,,,,0,,,,,UNKNOWN,price_cross_section_only_no_fundamental_confirmation,True,False,False,False,False,False,MORITA_FIRST_ABSORPTION_REVERSAL_V1_RESEARCH_ONLY
2024-08-14,0,,,,0,,,,,UNKNOWN,price_cross_section_only_no_fundamental_confirmation,True,False,False,False,False,False,MORITA_FIRST_ABSORPTION_REVERSAL_V1_RESEARCH_ONLY
2024-08-15,0,,,,0,,,,,UNKNOWN,price_cross_section_only_no_fundamental_confirmation,True,False,False,False,False,False,MORITA_FIRST_ABSORPTION_REVERSAL_V1_RESEARCH_ONLY
2024-08-16,0,,,,0,,,,,UNKNOWN,price_cross_section_only_no_fundamental_confirmation,True,False,False,False,False,False,MORITA_FIRST_ABSORPTION_REVERSAL_V1_RESEARCH_ONLY
2024-08-19,0,,,,0,,,,,UNKNOWN,price_cross_section_only_no_fundamental_confirmation,True,False,False,False,False,False,MORITA_FIRST_ABSORPTION_REVERSAL_V1_RESEARCH_ONLY
2024-08-20,0,,,,0,,,,,UNKNOWN,price_cross_section_only_no_fundamental_confirmation,True,False,False,False,False,False,MORITA_FIRST_ABSORPTION_REVERSAL_V1_RESEARCH_ONLY
2024-08-21,0,,,,0,,,,,UNKNOWN,price_cross_section_only_no_fundamental_confirmation,True,False,False,False,False,False,MORITA_FIRST_ABSORPTION_REVERSAL_V1_RESEARCH_ONLY
2024-08-22,0,,,,0,,,,,UNKNOWN,price_cross_section_only_no_fundamental_confirmation,True,False,False,False,False,False,MORITA_FIRST_ABSORPTION_REVERSAL_V1_RESEARCH_ONLY
2024-08-23,0,,,,0,,,,,UNKNOWN,price_cross_section_only_no_fundamental_confirmation,True,False,False,False,False,False,MORITA_FIRST_ABSORPTION_REVERSAL_V1_RESEARCH_ONLY
2024-08-26,0,,,,0,,,,,UNKNOWN,price_cross_section_only_no_fundamental_confirmation,True,False,False,False,False,False,MORITA_FIRST_ABSORPTION_REVERSAL_V1_RESEARCH_ONLY
2024-08-27,0,,,,0,,,,,UNKNOWN,price_cross_section_only_no_fundamental_confirmation,True,False,False,False,False,False,MORITA_FIRST_ABSORPTION_REVERSAL_V1_RESEARCH_ONLY
2024-08-28,0,,,,0,,,,,UNKNOWN,price_cross_section_only_no_fundamental_confirmation,True,False,False,False,False,False,MORITA_FIRST_ABSORPTION_REVERSAL_V1_RESEARCH_ONLY
2024-08-29,0,,,,0,,,,,UNKNOWN,price_cross_section_only_no_fundamental_confirmation,True,False,False,False,False,False,MORITA_FIRST_ABSORPTION_REVERSAL_V1_RESEARCH_ONLY
2024-08-30,0,,,,0,,,,,UNKNOWN,price_cross_section_only_no_fundamental_confirmation,True,False,False,False,False,False,MORITA_FIRST_ABSORPTION_REVERSAL_V1_RESEARCH_ONLY
2024-09-03,0,,,,0,,,,,UNKNOWN,price_cross_section_only_no_fundamental_confirmation,True,False,False,False,False,False,MORITA_FIRST_ABSORPTION_REVERSAL_V1_RESEARCH_ONLY
2024-09-04,0,,,,0,,,,,UNKNOWN,price_cross_section_only_no_fundamental_confirmation,True,False,False,False,False,False,MORITA_FIRST_ABSORPTION_REVERSAL_V1_RESEARCH_ONLY
2024-09-05,0,,,,0,,,,,UNKNOWN,price_cross_section_only_no_fundamental_confirmation,True,False,False,False,False,False,MORITA_FIRST_ABSORPTION_REVERSAL_V1_RESEARCH_ONLY
2024-09-06,0,,,,0,,,,,UNKNOWN,price_cross_section_only_no_fundamental_confirmation,True,False,False,False,False,False,MORITA_FIRST_ABSORPTION_REVERSAL_V1_RESEARCH_ONLY
2024-09-09,0,,,,0,,,,,UNKNOWN,price_cross_section_only_no_fundamental_confirmation,True,False,False,False,False,False,MORITA_FIRST_ABSORPTION_REVERSAL_V1_RESEARCH_ONLY
2024-09-10,0,,,,0,,,,,UNKNOWN,price_cross_section_only_no_fundamental_confirmation,True,False,False,False,False,False,MORITA_FIRST_ABSORPTION_REVERSAL_V1_RESEARCH_ONLY
2024-09-11,0,,,,0,,,,,UNKNOWN,price_cross_section_only_no_fundamental_confirmation,True,False,False,False,False,False,MORITA_FIRST_ABSORPTION_REVERSAL_V1_RESEARCH_ONLY
2024-09-12,0,,,,0,,,,,UNKNOWN,price_cross_section_only_no_fundamental_confirmation,True,False,False,False,False,False,MORITA_FIRST_ABSORPTION_REVERSAL_V1_RESEARCH_ONLY
2024-09-13,0,,,,0,,,,,UNKNOWN,price_cross_section_only_no_fundamental_confirmation,True,False,False,False,False,False,MORITA_FIRST_ABSORPTION_REVERSAL_V1_RESEARCH_ONLY
2024-09-16,0,,,,0,,,,,UNKNOWN,price_cross_section_only_no_fundamental_confirmation,True,False,False,False,False,False,MORITA_FIRST_ABSORPTION_REVERSAL_V1_RESEARCH_ONLY
2024-09-17,0,,,,0,,,,,UNKNOWN,price_cross_section_only_no_fundamental_confirmation,True,False,False,False,False,False,MORITA_FIRST_ABSORPTION_REVERSAL_V1_RESEARCH_ONLY
2024-09-18,0,,,,0,,,,,UNKNOWN,price_cross_section_only_no_fundamental_confirmation,True,False,False,False,False,False,MORITA_FIRST_ABSORPTION_REVERSAL_V1_RESEARCH_ONLY
2024-09-19,0,,,,0,,,,,UNKNOWN,price_cross_section_only_no_fundamental_confirmation,True,False,False,False,False,False,MORITA_FIRST_ABSORPTION_REVERSAL_V1_RESEARCH_ONLY
2024-09-20,0,,,,0,,,,,UNKNOWN,price_cross_section_only_no_fundamental_confirmation,True,False,False,False,False,False,MORITA_FIRST_ABSORPTION_REVERSAL_V1_RESEARCH_ONLY
2024-09-23,0,,,,0,,,,,UNKNOWN,price_cross_section_only_no_fundamental_confirmation,True,False,False,False,False,False,MORITA_FIRST_ABSORPTION_REVERSAL_V1_RESEARCH_ONLY
2024-09-24,0,,,,0,,,,,UNKNOWN,price_cross_section_only_no_fundamental_confirmation,True,False,False,False,False,False,MORITA_FIRST_ABSORPTION_REVERSAL_V1_RESEARCH_ONLY
2024-09-25,0,,,,0,,,,,UNKNOWN,price_cross_section_only_no_fundamental_confirmation,True,False,False,False,False,False,MORITA_FIRST_ABSORPTION_REVERSAL_V1_RESEARCH_ONLY
2024-09-26,0,,,,0,,,,,UNKNOWN,price_cross_section_only_no_fundamental_confirmation,True,False,False,False,False,False,MORITA_FIRST_ABSORPTION_REVERSAL_V1_RESEARCH_ONLY
2024-09-27,0,,,,0,,,,,UNKNOWN,price_cross_section_only_no_fundamental_confirmation,True,False,False,False,False,False,MORITA_FIRST_ABSORPTION_REVERSAL_V1_RESEARCH_ONLY
2024-09-30,0,,,,0,,,,,UNKNOWN,price_cross_section_only_no_fundamental_confirmation,True,False,False,False,False,False,MORITA_FIRST_ABSORPTION_REVERSAL_V1_RESEARCH_ONLY
2024-10-01,0,,,,0,,,,,UNKNOWN,price_cross_section_only_no_fundamental_confirmation,True,False,False,False,False,False,MORITA_FIRST_ABSORPTION_REVERSAL_V1_RESEARCH_ONLY
2024-10-02,0,,,,0,,,,,UNKNOWN,price_cross_section_only_no_fundamental_confirmation,True,False,False,False,False,False,MORITA_FIRST_ABSORPTION_REVERSAL_V1_RESEARCH_ONLY
2024-10-03,0,,,,0,,,,,UNKNOWN,price_cross_section_only_no_fundamental_confirmation,True,False,False,False,False,False,MORITA_FIRST_ABSORPTION_REVERSAL_V1_RESEARCH_ONLY
2024-10-04,0,,,,0,,,,,UNKNOWN,price_cross_section_only_no_fundamental_confirmation,True,False,False,False,False,False,MORITA_FIRST_ABSORPTION_REVERSAL_V1_RESEARCH_ONLY
2024-10-07,0,,,,0,,,,,UNKNOWN,price_cross_section_only_no_fundamental_confirmation,True,False,False,False,False,False,MORITA_FIRST_ABSORPTION_REVERSAL_V1_RESEARCH_ONLY
2024-10-08,0,,,,0,,,,,UNKNOWN,price_cross_section_only_no_fundamental_confirmation,True,False,False,False,False,False,MORITA_FIRST_ABSORPTION_REVERSAL_V1_RESEARCH_ONLY
2024-10-09,0,,,,0,,,,,UNKNOWN,price_cross_section_only_no_fundamental_confirmation,True,False,False,False,False,False,MORITA_FIRST_ABSORPTION_REVERSAL_V1_RESEARCH_ONLY
2024-10-10,0,,,,0,,,,,UNKNOWN,price_cross_section_only_no_fundamental_confirmation,True,False,False,False,False,False,MORITA_FIRST_ABSORPTION_REVERSAL_V1_RESEARCH_ONLY
2024-10-11,0,,,,0,,,,,UNKNOWN,price_cross_section_only_no_fundamental_confirmation,True,False,False,False,False,False,MORITA_FIRST_ABSORPTION_REVERSAL_V1_RESEARCH_ONLY
2024-10-14,0,,,,0,,,,,UNKNOWN,price_cross_section_only_no_fundamental_confirmation,True,False,False,False,False,False,MORITA_FIRST_ABSORPTION_REVERSAL_V1_RESEARCH_ONLY
2024-10-15,0,,,,0,,,,,UNKNOWN,price_cross_section_only_no_fundamental_confirmation,True,False,False,False,False,False,MORITA_FIRST_ABSORPTION_REVERSAL_V1_RESEARCH_ONLY
2024-10-16,0,,,,0,,,,,UNKNOWN,price_cross_section_only_no_fundamental_confirmation,True,False,False,False,False,False,MORITA_FIRST_ABSORPTION_REVERSAL_V1_RESEARCH_ONLY
2024-10-17,0,,,,0,,,,,UNKNOWN,price_cross_section_only_no_fundamental_confirmation,True,False,False,False,False,False,MORITA_FIRST_ABSORPTION_REVERSAL_V1_RESEARCH_ONLY
2024-10-18,0,,,,0,,,,,UNKNOWN,price_cross_section_only_no_fundamental_confirmation,True,False,False,False,False,False,MORITA_FIRST_ABSORPTION_REVERSAL_V1_RESEARCH_ONLY
2024-10-21,0,,,,0,,,,,UNKNOWN,price_cross_section_only_no_fundamental_confirmation,True,False,False,False,False,False,MORITA_FIRST_ABSORPTION_REVERSAL_V1_RESEARCH_ONLY
2024-10-22,0,,,,0,,,,,UNKNOWN,price_cross_section_only_no_fundamental_confirmation,True,False,False,False,False,False,MORITA_FIRST_ABSORPTION_REVERSAL_V1_RESEARCH_ONLY
2024-10-23,0,,,,0,,,,,UNKNOWN,price_cross_section_only_no_fundamental_confirmation,True,False,False,False,False,False,MORITA_FIRST_ABSORPTION_REVERSAL_V1_RESEARCH_ONLY
2024-10-24,0,,,,0,,,,,UNKNOWN,price_cross_section_only_no_fundamental_confirmation,True,False,False,False,False,False,MORITA_FIRST_ABSORPTION_REVERSAL_V1_RESEARCH_ONLY
2024-10-25,0,,,,0,,,,,UNKNOWN,price_cross_section_only_no_fundamental_confirmation,True,False,False,False,False,False,MORITA_FIRST_ABSORPTION_REVERSAL_V1_RESEARCH_ONLY
2024-10-28,0,,,,0,,,,,UNKNOWN,price_cross_section_only_no_fundamental_confirmation,True,False,False,False,False,False,MORITA_FIRST_ABSORPTION_REVERSAL_V1_RESEARCH_ONLY
2024-10-29,0,,,,0,,,,,UNKNOWN,price_cross_section_only_no_fundamental_confirmation,True,False,False,False,False,False,MORITA_FIRST_ABSORPTION_REVERSAL_V1_RESEARCH_ONLY
2024-10-30,0,,,,0,,,,,UNKNOWN,price_cross_section_only_no_fundamental_confirmation,True,False,False,False,False,False,MORITA_FIRST_ABSORPTION_REVERSAL_V1_RESEARCH_ONLY
2024-10-31,0,,,,0,,,,,UNKNOWN,price_cross_section_only_no_fundamental_confirmation,True,False,False,False,False,False,MORITA_FIRST_ABSORPTION_REVERSAL_V1_RESEARCH_ONLY
2024-11-01,0,,,,0,,,,,UNKNOWN,price_cross_section_only_no_fundamental_confirmation,True,False,False,False,False,False,MORITA_FIRST_ABSORPTION_REVERSAL_V1_RESEARCH_ONLY
2024-11-04,0,,,,0,,,,,UNKNOWN,price_cross_section_only_no_fundamental_confirmation,True,False,False,False,False,False,MORITA_FIRST_ABSORPTION_REVERSAL_V1_RESEARCH_ONLY
2024-11-05,0,,,,0,,,,,UNKNOWN,price_cross_section_only_no_fundamental_confirmation,True,False,False,False,False,False,MORITA_FIRST_ABSORPTION_REVERSAL_V1_RESEARCH_ONLY
2024-11-06,0,,,,0,,,,,UNKNOWN,price_cross_section_only_no_fundamental_confirmation,True,False,False,False,False,False,MORITA_FIRST_ABSORPTION_REVERSAL_V1_RESEARCH_ONLY
2024-11-07,0,,,,0,,,,,UNKNOWN,price_cross_section_only_no_fundamental_confirmation,True,False,False,False,False,False,MORITA_FIRST_ABSORPTION_REVERSAL_V1_RESEARCH_ONLY
2024-11-08,0,,,,0,,,,,UNKNOWN,price_cross_section_only_no_fundamental_confirmation,True,False,False,False,False,False,MORITA_FIRST_ABSORPTION_REVERSAL_V1_RESEARCH_ONLY
2024-11-11,0,,,,0,,,,,UNKNOWN,price_cross_section_only_no_fundamental_confirmation,True,False,False,False,False,False,MORITA_FIRST_ABSORPTION_REVERSAL_V1_RESEARCH_ONLY
2024-11-12,0,,,,0,,,,,UNKNOWN,price_cross_section_only_no_fundamental_confirmation,True,False,False,False,False,False,MORITA_FIRST_ABSORPTION_REVERSAL_V1_RESEARCH_ONLY
2024-11-13,0,,,,0,,,,,UNKNOWN,price_cross_section_only_no_fundamental_confirmation,True,False,False,False,False,False,MORITA_FIRST_ABSORPTION_REVERSAL_V1_RESEARCH_ONLY
2024-11-14,0,,,,0,,,,,UNKNOWN,price_cross_section_only_no_fundamental_confirmation,True,False,False,False,False,False,MORITA_FIRST_ABSORPTION_REVERSAL_V1_RESEARCH_ONLY
2024-11-15,0,,,,0,,,,,UNKNOWN,price_cross_section_only_no_fundamental_confirmation,True,False,False,False,False,False,MORITA_FIRST_ABSORPTION_REVERSAL_V1_RESEARCH_ONLY
2024-11-18,0,,,,0,,,,,UNKNOWN,price_cross_section_only_no_fundamental_confirmation,True,False,False,False,False,False,MORITA_FIRST_ABSORPTION_REVERSAL_V1_RESEARCH_ONLY
2024-11-19,0,,,,0,,,,,UNKNOWN,price_cross_section_only_no_fundamental_confirmation,True,False,False,False,False,False,MORITA_FIRST_ABSORPTION_REVERSAL_V1_RESEARCH_ONLY
2024-11-20,0,,,,0,,,,,UNKNOWN,price_cross_section_only_no_fundamental_confirmation,True,False,False,False,False,False,MORITA_FIRST_ABSORPTION_REVERSAL_V1_RESEARCH_ONLY
2024-11-21,0,,,,0,,,,,UNKNOWN,price_cross_section_only_no_fundamental_confirmation,True,False,False,False,False,False,MORITA_FIRST_ABSORPTION_REVERSAL_V1_RESEARCH_ONLY
2024-11-22,0,,,,0,,,,,UNKNOWN,price_cross_section_only_no_fundamental_confirmation,True,False,False,False,False,False,MORITA_FIRST_ABSORPTION_REVERSAL_V1_RESEARCH_ONLY
2024-11-25,0,,,,0,,,,,UNKNOWN,price_cross_section_only_no_fundamental_confirmation,True,False,False,False,False,False,MORITA_FIRST_ABSORPTION_REVERSAL_V1_RESEARCH_ONLY
2024-11-26,0,,,,0,,,,,UNKNOWN,price_cross_section_only_no_fundamental_confirmation,True,False,False,False,False,False,MORITA_FIRST_ABSORPTION_REVERSAL_V1_RESEARCH_ONLY
2024-11-27,0,,,,0,,,,,UNKNOWN,price_cross_section_only_no_fundamental_confirmation,True,False,False,False,False,False,MORITA_FIRST_ABSORPTION_REVERSAL_V1_RESEARCH_ONLY
2024-11-29,0,,,,0,,,,,UNKNOWN,price_cross_section_only_no_fundamental_confirmation,True,False,False,False,False,False,MORITA_FIRST_ABSORPTION_REVERSAL_V1_RESEARCH_ONLY
2024-12-02,0,,,,0,,,,,UNKNOWN,price_cross_section_only_no_fundamental_confirmation,True,False,False,False,False,False,MORITA_FIRST_ABSORPTION_REVERSAL_V1_RESEARCH_ONLY
2024-12-03,0,,,,0,,,,,UNKNOWN,price_cross_section_only_no_fundamental_confirmation,True,False,False,False,False,False,MORITA_FIRST_ABSORPTION_REVERSAL_V1_RESEARCH_ONLY
2024-12-04,0,,,,0,,,,,UNKNOWN,price_cross_section_only_no_fundamental_confirmation,True,False,False,False,False,False,MORITA_FIRST_ABSORPTION_REVERSAL_V1_RESEARCH_ONLY
2024-12-05,0,,,,0,,,,,UNKNOWN,price_cross_section_only_no_fundamental_confirmation,True,False,False,False,False,False,MORITA_FIRST_ABSORPTION_REVERSAL_V1_RESEARCH_ONLY
2024-12-06,0,,,,0,,,,,UNKNOWN,price_cross_section_only_no_fundamental_confirmation,True,False,False,False,False,False,MORITA_FIRST_ABSORPTION_REVERSAL_V1_RESEARCH_ONLY
2024-12-09,0,,,,0,,,,,UNKNOWN,price_cross_section_only_no_fundamental_confirmation,True,False,False,False,False,False,MORITA_FIRST_ABSORPTION_REVERSAL_V1_RESEARCH_ONLY
2024-12-10,0,,,,0,,,,,UNKNOWN,price_cross_section_only_no_fundamental_confirmation,True,False,False,False,False,False,MORITA_FIRST_ABSORPTION_REVERSAL_V1_RESEARCH_ONLY
2024-12-11,0,,,,0,,,,,UNKNOWN,price_cross_section_only_no_fundamental_confirmation,True,False,False,False,False,False,MORITA_FIRST_ABSORPTION_REVERSAL_V1_RESEARCH_ONLY
2024-12-12,0,,,,0,,,,,UNKNOWN,price_cross_section_only_no_fundamental_confirmation,True,False,False,False,False,False,MORITA_FIRST_ABSORPTION_REVERSAL_V1_RESEARCH_ONLY
2024-12-13,0,,,,0,,,,,UNKNOWN,price_cross_section_only_no_fundamental_confirmation,True,False,False,False,False,False,MORITA_FIRST_ABSORPTION_REVERSAL_V1_RESEARCH_ONLY
2024-12-16,0,,,,0,,,,,UNKNOWN,price_cross_section_only_no_fundamental_confirmation,True,False,False,False,False,False,MORITA_FIRST_ABSORPTION_REVERSAL_V1_RESEARCH_ONLY
2024-12-17,0,,,,0,,,,,UNKNOWN,price_cross_section_only_no_fundamental_confirmation,True,False,False,False,False,False,MORITA_FIRST_ABSORPTION_REVERSAL_V1_RESEARCH_ONLY
2025-10-01,0,,,,0,,,,,UNKNOWN,price_cross_section_only_no_fundamental_confirmation,True,False,False,False,False,False,MORITA_FIRST_ABSORPTION_REVERSAL_V1_RESEARCH_ONLY
2025-10-02,0,,,,0,,,,,UNKNOWN,price_cross_section_only_no_fundamental_confirmation,True,False,False,False,False,False,MORITA_FIRST_ABSORPTION_REVERSAL_V1_RESEARCH_ONLY
2025-10-03,0,,,,0,,,,,UNKNOWN,price_cross_section_only_no_fundamental_confirmation,True,False,False,False,False,False,MORITA_FIRST_ABSORPTION_REVERSAL_V1_RESEARCH_ONLY
2025-10-06,0,,,,0,,,,,UNKNOWN,price_cross_section_only_no_fundamental_confirmation,True,False,False,False,False,False,MORITA_FIRST_ABSORPTION_REVERSAL_V1_RESEARCH_ONLY
2025-10-07,0,,,,0,,,,,UNKNOWN,price_cross_section_only_no_fundamental_confirmation,True,False,False,False,False,False,MORITA_FIRST_ABSORPTION_REVERSAL_V1_RESEARCH_ONLY
2025-10-08,0,,,,0,,,,,UNKNOWN,price_cross_section_only_no_fundamental_confirmation,True,False,False,False,False,False,MORITA_FIRST_ABSORPTION_REVERSAL_V1_RESEARCH_ONLY
2025-10-09,0,,,,0,,,,,UNKNOWN,price_cross_section_only_no_fundamental_confirmation,True,False,False,False,False,False,MORITA_FIRST_ABSORPTION_REVERSAL_V1_RESEARCH_ONLY
2025-10-10,0,,,,0,,,,,UNKNOWN,price_cross_section_only_no_fundamental_confirmation,True,False,False,False,False,False,MORITA_FIRST_ABSORPTION_REVERSAL_V1_RESEARCH_ONLY
2025-10-13,0,,,,0,,,,,UNKNOWN,price_cross_section_only_no_fundamental_confirmation,True,False,False,False,False,False,MORITA_FIRST_ABSORPTION_REVERSAL_V1_RESEARCH_ONLY
2025-10-14,0,,,,0,,,,,UNKNOWN,price_cross_section_only_no_fundamental_confirmation,True,False,False,False,False,False,MORITA_FIRST_ABSORPTION_REVERSAL_V1_RESEARCH_ONLY
2025-10-15,0,,,,0,,,,,UNKNOWN,price_cross_section_only_no_fundamental_confirmation,True,False,False,False,False,False,MORITA_FIRST_ABSORPTION_REVERSAL_V1_RESEARCH_ONLY
2025-10-16,0,,,,0,,,,,UNKNOWN,price_cross_section_only_no_fundamental_confirmation,True,False,False,False,False,False,MORITA_FIRST_ABSORPTION_REVERSAL_V1_RESEARCH_ONLY
2025-10-17,0,,,,0,,,,,UNKNOWN,price_cross_section_only_no_fundamental_confirmation,True,False,False,False,False,False,MORITA_FIRST_ABSORPTION_REVERSAL_V1_RESEARCH_ONLY
2025-10-20,0,,,,0,,,,,UNKNOWN,price_cross_section_only_no_fundamental_confirmation,True,False,False,False,False,False,MORITA_FIRST_ABSORPTION_REVERSAL_V1_RESEARCH_ONLY
2025-10-21,0,,,,0,,,,,UNKNOWN,price_cross_section_only_no_fundamental_confirmation,True,False,False,False,False,False,MORITA_FIRST_ABSORPTION_REVERSAL_V1_RESEARCH_ONLY
2025-10-22,0,,,,0,,,,,UNKNOWN,price_cross_section_only_no_fundamental_confirmation,True,False,False,False,False,False,MORITA_FIRST_ABSORPTION_REVERSAL_V1_RESEARCH_ONLY
2025-10-23,0,,,,0,,,,,UNKNOWN,price_cross_section_only_no_fundamental_confirmation,True,False,False,False,False,False,MORITA_FIRST_ABSORPTION_REVERSAL_V1_RESEARCH_ONLY
2025-10-24,0,,,,0,,,,,UNKNOWN,price_cross_section_only_no_fundamental_confirmation,True,False,False,False,False,False,MORITA_FIRST_ABSORPTION_REVERSAL_V1_RESEARCH_ONLY
2025-10-27,0,,,,0,,,,,UNKNOWN,price_cross_section_only_no_fundamental_confirmation,True,False,False,False,False,False,MORITA_FIRST_ABSORPTION_REVERSAL_V1_RESEARCH_ONLY
2025-10-28,0,,,,0,,,,,UNKNOWN,price_cross_section_only_no_fundamental_confirmation,True,False,False,False,False,False,MORITA_FIRST_ABSORPTION_REVERSAL_V1_RESEARCH_ONLY
2025-10-29,0,,,,0,,,,,UNKNOWN,price_cross_section_only_no_fundamental_confirmation,True,False,False,False,False,False,MORITA_FIRST_ABSORPTION_REVERSAL_V1_RESEARCH_ONLY
2025-10-30,0,,,,0,,,,,UNKNOWN,price_cross_section_only_no_fundamental_confirmation,True,False,False,False,False,False,MORITA_FIRST_ABSORPTION_REVERSAL_V1_RESEARCH_ONLY
2025-10-31,0,,,,0,,,,,UNKNOWN,price_cross_section_only_no_fundamental_confirmation,True,False,False,False,False,False,MORITA_FIRST_ABSORPTION_REVERSAL_V1_RESEARCH_ONLY
2025-11-03,0,,,,0,,,,,UNKNOWN,price_cross_section_only_no_fundamental_confirmation,True,False,False,False,False,False,MORITA_FIRST_ABSORPTION_REVERSAL_V1_RESEARCH_ONLY
2025-11-04,0,,,,0,,,,,UNKNOWN,price_cross_section_only_no_fundamental_confirmation,True,False,False,False,False,False,MORITA_FIRST_ABSORPTION_REVERSAL_V1_RESEARCH_ONLY
2025-11-05,0,,,,0,,,,,UNKNOWN,price_cross_section_only_no_fundamental_confirmation,True,False,False,False,False,False,MORITA_FIRST_ABSORPTION_REVERSAL_V1_RESEARCH_ONLY
2025-11-06,0,,,,0,,,,,UNKNOWN,price_cross_section_only_no_fundamental_confirmation,True,False,False,False,False,False,MORITA_FIRST_ABSORPTION_REVERSAL_V1_RESEARCH_ONLY
2025-11-07,0,,,,0,,,,,UNKNOWN,price_cross_section_only_no_fundamental_confirmation,True,False,False,False,False,False,MORITA_FIRST_ABSORPTION_REVERSAL_V1_RESEARCH_ONLY
2025-11-10,0,,,,0,,,,,UNKNOWN,price_cross_section_only_no_fundamental_confirmation,True,False,False,False,False,False,MORITA_FIRST_ABSORPTION_REVERSAL_V1_RESEARCH_ONLY
2025-11-11,0,,,,0,,,,,UNKNOWN,price_cross_section_only_no_fundamental_confirmation,True,False,False,False,False,False,MORITA_FIRST_ABSORPTION_REVERSAL_V1_RESEARCH_ONLY
2025-11-12,0,,,,0,,,,,UNKNOWN,price_cross_section_only_no_fundamental_confirmation,True,False,False,False,False,False,MORITA_FIRST_ABSORPTION_REVERSAL_V1_RESEARCH_ONLY
2025-11-13,0,,,,0,,,,,UNKNOWN,price_cross_section_only_no_fundamental_confirmation,True,False,False,False,False,False,MORITA_FIRST_ABSORPTION_REVERSAL_V1_RESEARCH_ONLY
2025-11-14,0,,,,0,,,,,UNKNOWN,price_cross_section_only_no_fundamental_confirmation,True,False,False,False,False,False,MORITA_FIRST_ABSORPTION_REVERSAL_V1_RESEARCH_ONLY
2025-11-17,0,,,,0,,,,,UNKNOWN,price_cross_section_only_no_fundamental_confirmation,True,False,False,False,False,False,MORITA_FIRST_ABSORPTION_REVERSAL_V1_RESEARCH_ONLY
2025-11-18,0,,,,0,,,,,UNKNOWN,price_cross_section_only_no_fundamental_confirmation,True,False,False,False,False,False,MORITA_FIRST_ABSORPTION_REVERSAL_V1_RESEARCH_ONLY
2025-11-19,0,,,,0,,,,,UNKNOWN,price_cross_section_only_no_fundamental_confirmation,True,False,False,False,False,False,MORITA_FIRST_ABSORPTION_REVERSAL_V1_RESEARCH_ONLY
2025-11-20,0,,,,0,,,,,UNKNOWN,price_cross_section_only_no_fundamental_confirmation,True,False,False,False,False,False,MORITA_FIRST_ABSORPTION_REVERSAL_V1_RESEARCH_ONLY
2025-11-21,0,,,,0,,,,,UNKNOWN,price_cross_section_only_no_fundamental_confirmation,True,False,False,False,False,False,MORITA_FIRST_ABSORPTION_REVERSAL_V1_RESEARCH_ONLY
2025-11-24,0,,,,0,,,,,UNKNOWN,price_cross_section_only_no_fundamental_confirmation,True,False,False,False,False,False,MORITA_FIRST_ABSORPTION_REVERSAL_V1_RESEARCH_ONLY
2025-11-25,0,,,,0,,,,,UNKNOWN,price_cross_section_only_no_fundamental_confirmation,True,False,False,False,False,False,MORITA_FIRST_ABSORPTION_REVERSAL_V1_RESEARCH_ONLY
2025-11-26,0,,,,0,,,,,UNKNOWN,price_cross_section_only_no_fundamental_confirmation,True,False,False,False,False,False,MORITA_FIRST_ABSORPTION_REVERSAL_V1_RESEARCH_ONLY
2025-11-28,0,,,,0,,,,,UNKNOWN,price_cross_section_only_no_fundamental_confirmation,True,False,False,False,False,False,MORITA_FIRST_ABSORPTION_REVERSAL_V1_RESEARCH_ONLY
2025-12-01,0,,,,0,,,,,UNKNOWN,price_cross_section_only_no_fundamental_confirmation,True,False,False,False,False,False,MORITA_FIRST_ABSORPTION_REVERSAL_V1_RESEARCH_ONLY
2025-12-02,0,,,,0,,,,,UNKNOWN,price_cross_section_only_no_fundamental_confirmation,True,False,False,False,False,False,MORITA_FIRST_ABSORPTION_REVERSAL_V1_RESEARCH_ONLY
2025-12-03,0,,,,0,,,,,UNKNOWN,price_cross_section_only_no_fundamental_confirmation,True,False,False,False,False,False,MORITA_FIRST_ABSORPTION_REVERSAL_V1_RESEARCH_ONLY
2025-12-04,0,,,,0,,,,,UNKNOWN,price_cross_section_only_no_fundamental_confirmation,True,False,False,False,False,False,MORITA_FIRST_ABSORPTION_REVERSAL_V1_RESEARCH_ONLY
2025-12-05,0,,,,0,,,,,UNKNOWN,price_cross_section_only_no_fundamental_confirmation,True,False,False,False,False,False,MORITA_FIRST_ABSORPTION_REVERSAL_V1_RESEARCH_ONLY
2025-12-08,0,,,,0,,,,,UNKNOWN,price_cross_section_only_no_fundamental_confirmation,True,False,False,False,False,False,MORITA_FIRST_ABSORPTION_REVERSAL_V1_RESEARCH_ONLY
2025-12-09,0,,,,0,,,,,UNKNOWN,price_cross_section_only_no_fundamental_confirmation,True,False,False,False,False,False,MORITA_FIRST_ABSORPTION_REVERSAL_V1_RESEARCH_ONLY
2025-12-10,0,,,,0,,,,,UNKNOWN,price_cross_section_only_no_fundamental_confirmation,True,False,False,False,False,False,MORITA_FIRST_ABSORPTION_REVERSAL_V1_RESEARCH_ONLY
2025-12-11,0,,,,0,,,,,UNKNOWN,price_cross_section_only_no_fundamental_confirmation,True,False,False,False,False,False,MORITA_FIRST_ABSORPTION_REVERSAL_V1_RESEARCH_ONLY
2025-12-12,0,,,,0,,,,,UNKNOWN,price_cross_section_only_no_fundamental_confirmation,True,False,False,False,False,False,MORITA_FIRST_ABSORPTION_REVERSAL_V1_RESEARCH_ONLY
2025-12-15,0,,,,0,,,,,UNKNOWN,price_cross_section_only_no_fundamental_confirmation,True,False,False,False,False,False,MORITA_FIRST_ABSORPTION_REVERSAL_V1_RESEARCH_ONLY
2025-12-16,0,,,,0,,,,,UNKNOWN,price_cross_section_only_no_fundamental_confirmation,True,False,False,False,False,False,MORITA_FIRST_ABSORPTION_REVERSAL_V1_RESEARCH_ONLY
2025-12-17,0,,,,0,,,,,UNKNOWN,price_cross_section_only_no_fundamental_confirmation,True,False,False,False,False,False,MORITA_FIRST_ABSORPTION_REVERSAL_V1_RESEARCH_ONLY
2025-12-18,0,,,,0,,,,,UNKNOWN,price_cross_section_only_no_fundamental_confirmation,True,False,False,False,False,False,MORITA_FIRST_ABSORPTION_REVERSAL_V1_RESEARCH_ONLY
2025-12-19,0,,,,0,,,,,UNKNOWN,price_cross_section_only_no_fundamental_confirmation,True,False,False,False,False,False,MORITA_FIRST_ABSORPTION_REVERSAL_V1_RESEARCH_ONLY
2025-12-22,0,,,,0,,,,,UNKNOWN,price_cross_section_only_no_fundamental_confirmation,True,False,False,False,False,False,MORITA_FIRST_ABSORPTION_REVERSAL_V1_RESEARCH_ONLY
2025-12-23,0,,,,0,,,,,UNKNOWN,price_cross_section_only_no_fundamental_confirmation,True,False,False,False,False,False,MORITA_FIRST_ABSORPTION_REVERSAL_V1_RESEARCH_ONLY
2025-12-24,0,,,,0,,,,,UNKNOWN,price_cross_section_only_no_fundamental_confirmation,True,False,False,False,False,False,MORITA_FIRST_ABSORPTION_REVERSAL_V1_RESEARCH_ONLY
2025-12-26,0,,,,0,,,,,UNKNOWN,price_cross_section_only_no_fundamental_confirmation,True,False,False,False,False,False,MORITA_FIRST_ABSORPTION_REVERSAL_V1_RESEARCH_ONLY
2025-12-29,0,,,,0,,,,,UNKNOWN,price_cross_section_only_no_fundamental_confirmation,True,False,False,False,False,False,MORITA_FIRST_ABSORPTION_REVERSAL_V1_RESEARCH_ONLY
2025-12-30,0,,,,0,,,,,UNKNOWN,price_cross_section_only_no_fundamental_confirmation,True,False,False,False,False,False,MORITA_FIRST_ABSORPTION_REVERSAL_V1_RESEARCH_ONLY
2025-12-31,0,,,,0,,,,,UNKNOWN,price_cross_section_only_no_fundamental_confirmation,True,False,False,False,False,False,MORITA_FIRST_ABSORPTION_REVERSAL_V1_RESEARCH_ONLY
2026-01-01,0,,,,0,,,,,UNKNOWN,price_cross_section_only_no_fundamental_confirmation,True,False,False,False,False,False,MORITA_FIRST_ABSORPTION_REVERSAL_V1_RESEARCH_ONLY
2026-01-02,0,,,,0,,,,,UNKNOWN,price_cross_section_only_no_fundamental_confirmation,True,False,False,False,False,False,MORITA_FIRST_ABSORPTION_REVERSAL_V1_RESEARCH_ONLY
2026-01-05,0,,,,0,,,,,UNKNOWN,price_cross_section_only_no_fundamental_confirmation,True,False,False,False,False,False,MORITA_FIRST_ABSORPTION_REVERSAL_V1_RESEARCH_ONLY
2026-01-06,0,,,,0,,,,,UNKNOWN,price_cross_section_only_no_fundamental_confirmation,True,False,False,False,False,False,MORITA_FIRST_ABSORPTION_REVERSAL_V1_RESEARCH_ONLY
2026-01-07,1,0.9801862497362139,0.9388884662259591,0.0,0,0.2684719016415456,0.0,,,MIXED,price_cross_section_only_no_fundamental_confirmation,True,False,False,False,False,False,MORITA_FIRST_ABSORPTION_REVERSAL_V1_RESEARCH_ONLY
2026-01-08,1,-0.06103668155393527,0.8593222521935835,1.0,0,0.34554439515132973,0.051718024414175896,,,MIXED,price_cross_section_only_no_fundamental_confirmation,True,False,False,False,False,False,MORITA_FIRST_ABSORPTION_REVERSAL_V1_RESEARCH_ONLY
2026-01-09,1,0.06809470661139416,0.00290175013451055,0.0,0,0.9691694697365608,0.0,,,MIXED,price_cross_section_only_no_fundamental_confirmation,True,False,False,False,False,False,MORITA_FIRST_ABSORPTION_REVERSAL_V1_RESEARCH_ONLY
2026-01-12,1,0.058265949738558254,0.13032825910283385,0.0,0,0.9352737701855555,0.0,,,MIXED,price_cross_section_only_no_fundamental_confirmation,True,False,False,False,False,False,MORITA_FIRST_ABSORPTION_REVERSAL_V1_RESEARCH_ONLY
2026-01-13,1,0.008767797754798634,0.06754461155665603,0.0,0,0.5798321213393761,0.0,,,MIXED,price_cross_section_only_no_fundamental_confirmation,True,False,False,False,False,False,MORITA_FIRST_ABSORPTION_REVERSAL_V1_RESEARCH_ONLY
2026-01-14,1,0.004672897196261738,0.013481665968606116,0.0,0,0.5799520022141639,0.0,,,MIXED,price_cross_section_only_no_fundamental_confirmation,True,False,False,False,False,False,MORITA_FIRST_ABSORPTION_REVERSAL_V1_RESEARCH_ONLY
2026-01-15,1,0.033023284202398084,0.03785049581082056,0.0,0,0.11603445139960558,0.0,,,MIXED,price_cross_section_only_no_fundamental_confirmation,True,False,False,False,False,False,MORITA_FIRST_ABSORPTION_REVERSAL_V1_RESEARCH_ONLY
2026-01-16,1,-0.002656513194351784,0.030279044217841777,1.0,0,0.355622444791262,0.003048001164641937,,,MIXED,price_cross_section_only_no_fundamental_confirmation,True,False,False,False,False,False,MORITA_FIRST_ABSORPTION_REVERSAL_V1_RESEARCH_ONLY
2026-01-19,0,,,,0,,,,,UNKNOWN,price_cross_section_only_no_fundamental_confirmation,True,False,False,False,False,False,MORITA_FIRST_ABSORPTION_REVERSAL_V1_RESEARCH_ONLY
2026-01-20,1,0.006591155027192652,0.003917132342545093,0.0,0,0.28919181939068955,0.0,,,MIXED,price_cross_section_only_no_fundamental_confirmation,True,False,False,False,False,False,MORITA_FIRST_ABSORPTION_REVERSAL_V1_RESEARCH_ONLY
2026-01-21,1,0.08489928049578177,0.09205001984241923,0.0,0,0.8404254283015014,0.0,,,MIXED,price_cross_section_only_no_fundamental_confirmation,True,False,False,False,False,False,MORITA_FIRST_ABSORPTION_REVERSAL_V1_RESEARCH_ONLY
2026-01-22,0,,,,0,,,,,UNKNOWN,price_cross_section_only_no_fundamental_confirmation,True,False,False,False,False,False,MORITA_FIRST_ABSORPTION_REVERSAL_V1_RESEARCH_ONLY
2026-01-23,0,,,,0,,,,,UNKNOWN,price_cross_section_only_no_fundamental_confirmation,True,False,False,False,False,False,MORITA_FIRST_ABSORPTION_REVERSAL_V1_RESEARCH_ONLY
2026-01-26,0,,,,0,,,,,UNKNOWN,price_cross_section_only_no_fundamental_confirmation,True,False,False,False,False,False,MORITA_FIRST_ABSORPTION_REVERSAL_V1_RESEARCH_ONLY
2026-01-27,0,,,,0,,,,,UNKNOWN,price_cross_section_only_no_fundamental_confirmation,True,False,False,False,False,False,MORITA_FIRST_ABSORPTION_REVERSAL_V1_RESEARCH_ONLY
2026-01-28,0,,,,0,,,,,UNKNOWN,price_cross_section_only_no_fundamental_confirmation,True,False,False,False,False,False,MORITA_FIRST_ABSORPTION_REVERSAL_V1_RESEARCH_ONLY
2026-01-29,0,,,,0,,,,,UNKNOWN,price_cross_section_only_no_fundamental_confirmation,True,False,False,False,False,False,MORITA_FIRST_ABSORPTION_REVERSAL_V1_RESEARCH_ONLY
2026-01-30,0,,,,0,,,,,UNKNOWN,price_cross_section_only_no_fundamental_confirmation,True,False,False,False,False,False,MORITA_FIRST_ABSORPTION_REVERSAL_V1_RESEARCH_ONLY
2026-02-02,0,,,,0,,,,,UNKNOWN,price_cross_section_only_no_fundamental_confirmation,True,False,False,False,False,False,MORITA_FIRST_ABSORPTION_REVERSAL_V1_RESEARCH_ONLY
2026-02-03,0,,,,0,,,,,UNKNOWN,price_cross_section_only_no_fundamental_confirmation,True,False,False,False,False,False,MORITA_FIRST_ABSORPTION_REVERSAL_V1_RESEARCH_ONLY
2026-02-04,0,,,,0,,,,,UNKNOWN,price_cross_section_only_no_fundamental_confirmation,True,False,False,False,False,False,MORITA_FIRST_ABSORPTION_REVERSAL_V1_RESEARCH_ONLY
2026-02-05,0,,,,0,,,,,UNKNOWN,price_cross_section_only_no_fundamental_confirmation,True,False,False,False,False,False,MORITA_FIRST_ABSORPTION_REVERSAL_V1_RESEARCH_ONLY
2026-02-06,0,,,,0,,,,,UNKNOWN,price_cross_section_only_no_fundamental_confirmation,True,False,False,False,False,False,MORITA_FIRST_ABSORPTION_REVERSAL_V1_RESEARCH_ONLY
2026-02-09,0,,,,0,,,,,UNKNOWN,price_cross_section_only_no_fundamental_confirmation,True,False,False,False,False,False,MORITA_FIRST_ABSORPTION_REVERSAL_V1_RESEARCH_ONLY
2026-02-10,0,,,,0,,,,,UNKNOWN,price_cross_section_only_no_fundamental_confirmation,True,False,False,False,False,False,MORITA_FIRST_ABSORPTION_REVERSAL_V1_RESEARCH_ONLY
2026-02-11,0,,,,0,,,,,UNKNOWN,price_cross_section_only_no_fundamental_confirmation,True,False,False,False,False,False,MORITA_FIRST_ABSORPTION_REVERSAL_V1_RESEARCH_ONLY
2026-02-12,0,,,,0,,,,,UNKNOWN,price_cross_section_only_no_fundamental_confirmation,True,False,False,False,False,False,MORITA_FIRST_ABSORPTION_REVERSAL_V1_RESEARCH_ONLY
2026-02-13,0,,,,0,,,,,UNKNOWN,price_cross_section_only_no_fundamental_confirmation,True,False,False,False,False,False,MORITA_FIRST_ABSORPTION_REVERSAL_V1_RESEARCH_ONLY
2026-02-16,0,,,,0,,,,,UNKNOWN,price_cross_section_only_no_fundamental_confirmation,True,False,False,False,False,False,MORITA_FIRST_ABSORPTION_REVERSAL_V1_RESEARCH_ONLY
2026-02-17,0,,,,0,,,,,UNKNOWN,price_cross_section_only_no_fundamental_confirmation,True,False,False,False,False,False,MORITA_FIRST_ABSORPTION_REVERSAL_V1_RESEARCH_ONLY
2026-02-18,1,-0.04784362103236073,-0.039809733883525156,1.0,0,0.43404267752746123,0.03178550653114313,,0.0,UNKNOWN,price_cross_section_only_no_fundamental_confirmation,True,False,False,False,False,False,MORITA_FIRST_ABSORPTION_REVERSAL_V1_RESEARCH_ONLY
2026-02-19,1,-0.005112632913310433,-0.05271164707408926,1.0,0,0.4089498111308146,0.007313265681140311,,0.0,UNKNOWN,price_cross_section_only_no_fundamental_confirmation,True,False,False,False,False,False,MORITA_FIRST_ABSORPTION_REVERSAL_V1_RESEARCH_ONLY
2026-02-20,1,0.04091049906739941,0.03558870579005702,0.0,0,0.75,0.0,,0.0,UNKNOWN,price_cross_section_only_no_fundamental_confirmation,True,False,False,False,False,False,MORITA_FIRST_ABSORPTION_REVERSAL_V1_RESEARCH_ONLY
2026-02-23,1,-0.0214447584965628,0.018588424798362313,1.0,0,0.42205743176561683,0.049036240307421736,,0.0,UNKNOWN,price_cross_section_only_no_fundamental_confirmation,True,False,False,False,False,False,MORITA_FIRST_ABSORPTION_REVERSAL_V1_RESEARCH_ONLY
2026-02-24,1,-0.009065480236858714,-0.030315831699086693,1.0,0,0.26286414561045296,0.013515773559812374,,0.0,UNKNOWN,price_cross_section_only_no_fundamental_confirmation,True,False,False,False,False,False,MORITA_FIRST_ABSORPTION_REVERSAL_V1_RESEARCH_ONLY
2026-02-25,1,0.017899049100877917,0.008671305388136652,0.0,0,0.5482405613752998,0.0,,0.0,UNKNOWN,price_cross_section_only_no_fundamental_confirmation,True,False,False,False,False,False,MORITA_FIRST_ABSORPTION_REVERSAL_V1_RESEARCH_ONLY
2026-02-26,1,-0.04388265728429919,-0.026769066020829957,1.0,0,0.3242030708660074,0.040715599041126184,,0.0,MIXED,price_cross_section_only_no_fundamental_confirmation,True,False,False,False,False,False,MORITA_FIRST_ABSORPTION_REVERSAL_V1_RESEARCH_ONLY
2026-02-27,1,-0.0008990762158700427,-0.04474227964671584,1.0,0,0.9238372968901326,0.0009405051843564281,,0.0,MIXED,price_cross_section_only_no_fundamental_confirmation,True,False,False,False,False,False,MORITA_FIRST_ABSORPTION_REVERSAL_V1_RESEARCH_ONLY
2026-03-02,1,-0.0008181796675860165,-0.0017165202775766275,1.0,0,0.697104397014175,0.0014606416126796279,,0.0,MIXED,price_cross_section_only_no_fundamental_confirmation,True,False,False,False,False,False,MORITA_FIRST_ABSORPTION_REVERSAL_V1_RESEARCH_ONLY
2026-03-03,2,-0.04789976750742453,-0.04867875655915388,1.0,0,0.3738318823219015,0.06419678204065889,-1.0,-0.0007228545988576807,DEGROSS_LIKELY,price_cross_section_only_no_fundamental_confirmation,True,False,False,False,False,False,MORITA_FIRST_ABSORPTION_REVERSAL_V1_RESEARCH_ONLY
2026-03-04,2,0.011480900399788663,-0.036968799567561716,0.0,0,0.4318182233003133,0.0,-1.0,-0.02634635009764219,DEGROSS_LIKELY,price_cross_section_only_no_fundamental_confirmation,True,False,False,False,False,False,MORITA_FIRST_ABSORPTION_REVERSAL_V1_RESEARCH_ONLY
2026-03-05,2,-0.02032053252610433,-0.009072930136318602,0.75,0,0.4788913425516805,0.02650358428348461,1.0,0.013543330984735702,MIXED,price_cross_section_only_no_fundamental_confirmation,True,False,False,False,False,False,MORITA_FIRST_ABSORPTION_REVERSAL_V1_RESEARCH_ONLY
2026-03-06,2,-0.08873941080083914,-0.10725671124341773,1.0,3,0.06844871593380031,0.08397570204884681,0.9999999999999996,0.0019158753057911815,MIXED,price_cross_section_only_no_fundamental_confirmation,True,False,False,False,False,False,MORITA_FIRST_ABSORPTION_REVERSAL_V1_RESEARCH_ONLY
2026-03-09,2,0.06273577543290487,-0.04118642092949104,0.0,6,0.9456089469528485,0.0,1.0,0.02255227420084538,MIXED,price_cross_section_only_no_fundamental_confirmation,True,False,False,False,False,False,MORITA_FIRST_ABSORPTION_REVERSAL_V1_RESEARCH_ONLY
2026-03-10,2,0.023148698867160422,0.08714088805711928,0.0,0,0.3909694967559574,0.0,0.9999999999999999,0.028757978216172875,MIXED,price_cross_section_only_no_fundamental_confirmation,True,False,False,False,False,False,MORITA_FIRST_ABSORPTION_REVERSAL_V1_RESEARCH_ONLY
2026-03-11,2,-0.0002135127411543314,0.02289377085141231,0.5,0,0.24006189616506188,0.003644045004845478,-1.0,-0.008343284873379098,DEGROSS_LIKELY,price_cross_section_only_no_fundamental_confirmation,True,False,False,False,False,False,MORITA_FIRST_ABSORPTION_REVERSAL_V1_RESEARCH_ONLY
2026-03-12,2,-0.049497956091858586,-0.04970701000810385,1.0,0,0.2425031208090555,0.05633691272134285,1.0,0.005255665264492615,MIXED,price_cross_section_only_no_fundamental_confirmation,True,False,False,False,False,False,MORITA_FIRST_ABSORPTION_REVERSAL_V1_RESEARCH_ONLY
2026-03-13,2,-0.0004251131202807068,-0.04990168684124341,1.0,0,0.13843735538020124,0.0007292835750080616,-1.0,-0.0033124732669882473,DEGROSS_LIKELY,price_cross_section_only_no_fundamental_confirmation,True,False,False,False,False,False,MORITA_FIRST_ABSORPTION_REVERSAL_V1_RESEARCH_ONLY
2026-03-16,2,0.04062079502128113,0.04017823472700033,0.0,0,0.3863044505133334,0.0,1.0,0.0010084812319073322,MIXED,price_cross_section_only_no_fundamental_confirmation,True,False,False,False,False,False,MORITA_FIRST_ABSORPTION_REVERSAL_V1_RESEARCH_ONLY
2026-03-17,2,0.017505169051828973,0.05882672404645395,0.0,0,0.90041656235578,0.0,-1.0,-0.027017459961967027,DEGROSS_LIKELY,price_cross_section_only_no_fundamental_confirmation,True,False,False,False,False,False,MORITA_FIRST_ABSORPTION_REVERSAL_V1_RESEARCH_ONLY
2026-03-18,2,0.010948976317739167,0.028765296371264903,0.0,0,0.5254865011722519,0.0,-1.0,-0.04546086815173722,DEGROSS_LIKELY,price_cross_section_only_no_fundamental_confirmation,True,False,False,False,False,False,MORITA_FIRST_ABSORPTION_REVERSAL_V1_RESEARCH_ONLY
2026-03-19,2,0.011294904906475223,0.022398299960233237,0.0,0,0.8902109079771439,0.0,-0.9999999999999996,-0.024756519351612383,DEGROSS_LIKELY,price_cross_section_only_no_fundamental_confirmation,True,False,False,False,False,False,MORITA_FIRST_ABSORPTION_REVERSAL_V1_RESEARCH_ONLY
2026-03-20,2,-0.039649621572538984,-0.028807458724658452,1.0,0,0.3232285057644941,0.02803098978819194,-1.0,-0.003970849381217945,DEGROSS_LIKELY,price_cross_section_only_no_fundamental_confirmation,True,False,False,False,False,False,MORITA_FIRST_ABSORPTION_REVERSAL_V1_RESEARCH_ONLY
2026-03-23,2,0.03987350909258569,-0.0013499484680383755,0.0,0,0.24566626935261227,0.0,1.0,0.012752936366827061,MIXED,price_cross_section_only_no_fundamental_confirmation,True,False,False,False,False,False,MORITA_FIRST_ABSORPTION_REVERSAL_V1_RESEARCH_ONLY
2026-03-24,2,0.044853306568135354,0.08655900999956612,0.0,0,0.7609718997091746,0.0,1.0,0.028443231793511714,MIXED,price_cross_section_only_no_fundamental_confirmation,True,False,False,False,False,False,MORITA_FIRST_ABSORPTION_REVERSAL_V1_RESEARCH_ONLY
2026-03-25,2,0.005275339652490052,0.05040599186102901,0.0,0,0.7965242564670039,0.0,1.0,0.0271162280766728,MIXED,price_cross_section_only_no_fundamental_confirmation,True,False,False,False,False,False,MORITA_FIRST_ABSORPTION_REVERSAL_V1_RESEARCH_ONLY
2026-03-26,2,-0.07831650757204145,-0.0734646018667735,1.0,0,0.053892149891228064,0.09412277596964858,0.9999999999999999,0.004491412346645518,MIXED,price_cross_section_only_no_fundamental_confirmation,True,False,False,False,False,False,MORITA_FIRST_ABSORPTION_REVERSAL_V1_RESEARCH_ONLY
2026-03-27,2,-0.007217964701601021,-0.08497219725529248,1.0,0,0.26807981274405246,0.01245395757601784,-1.0,-0.0016909423096447274,DEGROSS_LIKELY,price_cross_section_only_no_fundamental_confirmation,True,False,False,False,False,False,MORITA_FIRST_ABSORPTION_REVERSAL_V1_RESEARCH_ONLY
2026-03-30,2,-0.06105142782500572,-0.06783446681565469,1.0,0,0.11000026895886862,0.06346346267169786,-1.0,-0.005516177641258557,DEGROSS_LIKELY,price_cross_section_only_no_fundamental_confirmation,True,False,False,False,False,False,MORITA_FIRST_ABSORPTION_REVERSAL_V1_RESEARCH_ONLY
2026-03-31,2,0.08232977295570254,0.016291208400632806,0.0,0,0.934334280117715,0.0,-1.0,-0.026831554884306108,DEGROSS_LIKELY,price_cross_section_only_no_fundamental_confirmation,True,False,False,False,False,False,MORITA_FIRST_ABSORPTION_REVERSAL_V1_RESEARCH_ONLY
2026-04-01,2,0.03992725761103011,0.12541836862278433,0.0,0,0.5676347744190305,0.0,0.9999999999999999,0.008616892656555297,MIXED,price_cross_section_only_no_fundamental_confirmation,True,False,False,False,False,False,MORITA_FIRST_ABSORPTION_REVERSAL_V1_RESEARCH_ONLY
2026-04-02,2,-0.006902735486086109,0.03273057047837713,1.0,0,0.7448594635164071,0.008947268280723016,1.0,0.02325230622336516,MIXED,price_cross_section_only_no_fundamental_confirmation,True,False,False,False,False,False,MORITA_FIRST_ABSORPTION_REVERSAL_V1_RESEARCH_ONLY
2026-04-06,2,0.014342238766101634,0.0073342945088545886,0.0,0,0.729478989937443,0.0,1.0,0.006023149242750048,MIXED,price_cross_section_only_no_fundamental_confirmation,True,False,False,False,False,False,MORITA_FIRST_ABSORPTION_REVERSAL_V1_RESEARCH_ONLY
2026-04-07,2,0.0105157404384566,0.025033278618511234,0.0,0,0.7754586008163087,0.0,1.0,0.020150981919039967,MIXED,price_cross_section_only_no_fundamental_confirmation,True,False,False,False,False,False,MORITA_FIRST_ABSORPTION_REVERSAL_V1_RESEARCH_ONLY
2026-04-08,2,0.09644189933794989,0.10809012857497424,0.0,0,0.7627303336327862,0.0,1.0,0.05557586537702264,MIXED,price_cross_section_only_no_fundamental_confirmation,True,False,False,False,False,False,MORITA_FIRST_ABSORPTION_REVERSAL_V1_RESEARCH_ONLY
2026-04-09,2,0.022401493172148568,0.12087722519782895,0.0,0,0.6200422881725169,0.0,0.9999999999999999,0.03114856364358909,MIXED,price_cross_section_only_no_fundamental_confirmation,True,False,False,False,False,False,MORITA_FIRST_ABSORPTION_REVERSAL_V1_RESEARCH_ONLY
2026-04-10,2,0.01567362192092636,0.0384573548670919,0.0,0,0.3724071389098053,0.0,-1.0,-0.0227687304541786,DEGROSS_LIKELY,price_cross_section_only_no_fundamental_confirmation,True,False,False,False,False,False,MORITA_FIRST_ABSORPTION_REVERSAL_V1_RESEARCH_ONLY
2026-04-13,2,0.011111755466983841,0.026987582948520328,0.0,0,0.9603678901869968,0.0,-1.0,-0.02146637389996786,DEGROSS_LIKELY,price_cross_section_only_no_fundamental_confirmation,True,False,False,False,False,False,MORITA_FIRST_ABSORPTION_REVERSAL_V1_RESEARCH_ONLY
2026-04-14,2,-0.004465655289225157,0.00663893665960863,0.5,0,0.4634950287725922,0.007422513372297008,-1.0,-0.026756394662531435,DEGROSS_LIKELY,price_cross_section_only_no_fundamental_confirmation,True,False,False,False,False,False,MORITA_FIRST_ABSORPTION_REVERSAL_V1_RESEARCH_ONLY
2026-04-15,2,-0.010145055748631004,-0.014634670765984903,1.0,0,0.7227948254159593,0.013395809626591452,1.0,0.0013331387949273577,MIXED,price_cross_section_only_no_fundamental_confirmation,True,False,False,False,False,False,MORITA_FIRST_ABSORPTION_REVERSAL_V1_RESEARCH_ONLY
2026-04-16,2,0.0029695450801792145,-0.007208566431226748,0.0,0,0.7101364026504164,0.0,1.0,0.016660593512805133,MIXED,price_cross_section_only_no_fundamental_confirmation,True,False,False,False,False,False,MORITA_FIRST_ABSORPTION_REVERSAL_V1_RESEARCH_ONLY
2026-04-17,2,0.03587604751467455,0.038950893700094524,0.0,0,0.712585188183243,0.0,1.0,0.0066006993861325025,MIXED,price_cross_section_only_no_fundamental_confirmation,True,False,False,False,False,False,MORITA_FIRST_ABSORPTION_REVERSAL_V1_RESEARCH_ONLY
2026-04-20,2,-0.004390891973417632,0.031294129716209484,0.5,0,0.2157147029339796,0.011513730845266813,-1.0,-0.011812255461931542,DEGROSS_LIKELY,price_cross_section_only_no_fundamental_confirmation,True,False,False,False,False,False,MORITA_FIRST_ABSORPTION_REVERSAL_V1_RESEARCH_ONLY
2026-04-21,2,-0.004712944707582489,-0.009242248384117802,0.5,0,0.24410230018979207,0.010945973540350722,1.0,0.016118377617625468,MIXED,price_cross_section_only_no_fundamental_confirmation,True,False,False,False,False,False,MORITA_FIRST_ABSORPTION_REVERSAL_V1_RESEARCH_ONLY
2026-04-22,2,0.015456531057312484,0.010642411956810649,0.0,0,0.6733236416795587,0.0,1.0,0.03185875673591909,MIXED,price_cross_section_only_no_fundamental_confirmation,True,False,False,False,False,False,MORITA_FIRST_ABSORPTION_REVERSAL_V1_RESEARCH_ONLY
2026-04-23,2,0.024311674203629008,0.0401165657326088,0.0,0,0.6463002842624735,0.0,1.0,0.030629385127756592,MIXED,price_cross_section_only_no_fundamental_confirmation,True,False,False,False,False,False,MORITA_FIRST_ABSORPTION_REVERSAL_V1_RESEARCH_ONLY
2026-04-24,2,0.022058281231489008,0.04725030209894787,0.0,0,0.45844357520058093,0.0,1.0,0.07632859005974746,MIXED,price_cross_section_only_no_fundamental_confirmation,True,False,False,False,False,False,MORITA_FIRST_ABSORPTION_REVERSAL_V1_RESEARCH_ONLY
2026-04-27,2,-0.023893052765195433,-0.0026613565229399727,1.0,0,0.5300554853126882,0.018816351419081504,1.0,0.010360293984170488,MIXED,price_cross_section_only_no_fundamental_confirmation,True,False,False,False,False,False,MORITA_FIRST_ABSORPTION_REVERSAL_V1_RESEARCH_ONLY
2026-04-28,2,-0.04599009115866981,-0.06866173756121813,1.0,0,0.26325780481429895,0.03440900023331693,-1.0,-0.044220645181411,DEGROSS_LIKELY,price_cross_section_only_no_fundamental_confirmation,True,False,False,False,False,False,MORITA_FIRST_ABSORPTION_REVERSAL_V1_RESEARCH_ONLY
2026-04-29,2,-0.10166332668906658,-0.1421998819174159,1.0,0,0.18650204096849793,0.02734151830068614,-1.0,-0.1915704522235483,DEGROSS_LIKELY,price_cross_section_only_no_fundamental_confirmation,True,False,False,False,False,False,MORITA_FIRST_ABSORPTION_REVERSAL_V1_RESEARCH_ONLY
2026-04-30,2,0.09511082423764294,-0.01863840424607499,0.0,0,0.8026422904754092,0.0,-1.0,-0.1556045909828061,DEGROSS_LIKELY,price_cross_section_only_no_fundamental_confirmation,True,False,False,False,False,False,MORITA_FIRST_ABSORPTION_REVERSAL_V1_RESEARCH_ONLY
2026-05-01,2,-0.004861738297603946,0.09006208017721551,0.5,0,0.4568771886865025,0.006006496759423329,-1.0,-0.07509099042381062,DEGROSS_LIKELY,price_cross_section_only_no_fundamental_confirmation,True,False,False,False,False,False,MORITA_FIRST_ABSORPTION_REVERSAL_V1_RESEARCH_ONLY
2026-05-04,2,0.010193395405569794,0.004931191539370272,0.5,0,0.505786467922141,0.01355339830924106,-1.0,-0.04497461272247105,DEGROSS_LIKELY,price_cross_section_only_no_fundamental_confirmation,True,False,False,False,False,False,MORITA_FIRST_ABSORPTION_REVERSAL_V1_RESEARCH_ONLY
2026-05-05,2,0.022476554900338397,0.03170755263984126,0.5,0,0.49551339591106425,0.004780921700289699,-1.0,-0.004212665096887447,DEGROSS_LIKELY,price_cross_section_only_no_fundamental_confirmation,True,False,False,False,False,False,MORITA_FIRST_ABSORPTION_REVERSAL_V1_RESEARCH_ONLY
2026-05-06,2,0.07107254116219575,0.1334756052010837,0.0,0,0.9714448513084355,0.0,1.0,0.12579203835117347,MIXED,price_cross_section_only_no_fundamental_confirmation,True,False,False,False,False,False,MORITA_FIRST_ABSORPTION_REVERSAL_V1_RESEARCH_ONLY
2026-05-07,2,-0.074173877901765,-0.008373062729902014,0.5714285714285714,0,0.2556814344720855,0.05470677569299936,-1.0,-0.0540536291378616,DEGROSS_LIKELY,price_cross_section_only_no_fundamental_confirmation,True,False,False,False,False,False,MORITA_FIRST_ABSORPTION_REVERSAL_V1_RESEARCH_ONLY
2026-05-08,2,0.01598374487093346,-0.0593757093713011,0.0,0,0.40572243567353594,0.0,0.9999999999999999,0.12554993808225878,MIXED,price_cross_section_only_no_fundamental_confirmation,True,False,False,False,False,False,MORITA_FIRST_ABSORPTION_REVERSAL_V1_RESEARCH_ONLY
2026-05-11,2,0.01909560509368813,0.03538456924459532,0.0,0,0.9372173603913267,0.0,1.0,0.027516399446758655,MIXED,price_cross_section_only_no_fundamental_confirmation,True,False,False,False,False,False,MORITA_FIRST_ABSORPTION_REVERSAL_V1_RESEARCH_ONLY
2026-05-12,3,-0.02233799398371572,-0.00366894640172577,0.7,0,0.8909327510531772,0.015164969757281694,-1.0,-0.0010882142094442715,DEGROSS_LIKELY,price_cross_section_only_no_fundamental_confirmation,True,False,False,False,False,False,MORITA_FIRST_ABSORPTION_REVERSAL_V1_RESEARCH_ONLY
2026-05-13,3,0.013753640697140801,-0.007506784150102641,0.0,0,0.6617177648065224,0.0,1.0,0.001384797879619204,MIXED,price_cross_section_only_no_fundamental_confirmation,True,False,False,False,False,False,MORITA_FIRST_ABSORPTION_REVERSAL_V1_RESEARCH_ONLY
2026-05-14,3,-0.011030222895368147,0.000838899354056899,1.0,0,0.31885617088957124,0.015352297443971128,1.0,0.012005390978569452,MIXED,price_cross_section_only_no_fundamental_confirmation,True,False,False,False,False,False,MORITA_FIRST_ABSORPTION_REVERSAL_V1_RESEARCH_ONLY
2026-05-15,3,-0.03390581630170231,-0.04456205048581319,1.0,0,0.7949549790966741,0.037221014447012035,1.0,0.025612421574705335,MIXED,price_cross_section_only_no_fundamental_confirmation,True,False,False,False,False,False,MORITA_FIRST_ABSORPTION_REVERSAL_V1_RESEARCH_ONLY
2026-05-18,3,-0.04842122084117251,-0.06229173382582365,1.0,0,0.22691135808108542,0.04441834791087581,1.0,0.04185524865381696,MIXED,price_cross_section_only_no_fundamental_confirmation,True,False,False,False,False,False,MORITA_FIRST_ABSORPTION_REVERSAL_V1_RESEARCH_ONLY
2026-05-19,3,-0.005613809920802959,-0.04841960350632413,0.6,0,0.7664553612472814,0.005157765317965103,1.0,0.01830447180320538,MIXED,price_cross_section_only_no_fundamental_confirmation,True,False,False,False,False,False,MORITA_FIRST_ABSORPTION_REVERSAL_V1_RESEARCH_ONLY
2026-05-20,3,0.059413687637796864,0.05346634056790145,0.0,0,0.9027682954778476,0.0,-1.0,-0.019076906373258984,DEGROSS_LIKELY,price_cross_section_only_no_fundamental_confirmation,True,False,False,False,False,False,MORITA_FIRST_ABSORPTION_REVERSAL_V1_RESEARCH_ONLY
2026-05-21,3,0.02642738630509256,0.0672663547240715,0.0,0,0.8717197015868214,0.0,-0.9999999999999999,-0.03425332447676599,DEGROSS_LIKELY,price_cross_section_only_no_fundamental_confirmation,True,False,False,False,False,False,MORITA_FIRST_ABSORPTION_REVERSAL_V1_RESEARCH_ONLY
2026-05-22,3,0.014146672604861354,0.04094791849181445,0.3,0,0.7604040792765057,0.0,-1.0,-0.011703319390756084,DEGROSS_LIKELY,price_cross_section_only_no_fundamental_confirmation,True,False,False,False,False,False,MORITA_FIRST_ABSORPTION_REVERSAL_V1_RESEARCH_ONLY
2026-05-26,3,0.08336091875882667,0.07850601001071444,0.0,0,0.9173647354648188,0.0,-1.0,-0.03410862626442346,DEGROSS_LIKELY,price_cross_section_only_no_fundamental_confirmation,True,False,False,False,False,False,MORITA_FIRST_ABSORPTION_REVERSAL_V1_RESEARCH_ONLY
2026-05-27,2,-0.034203699375908725,0.04851574604511977,1.0,0,0.25913454802079494,0.046748885235555,-1.0,-0.025466607622743886,DEGROSS_LIKELY,price_cross_section_only_no_fundamental_confirmation,True,False,False,False,False,False,MORITA_FIRST_ABSORPTION_REVERSAL_V1_RESEARCH_ONLY
2026-05-28,2,0.018146522544462806,-0.016677855033274902,0.42857142857142855,0,0.8299956362850692,0.0,-1.0,-0.01534747242945933,DEGROSS_LIKELY,price_cross_section_only_no_fundamental_confirmation,True,False,False,False,False,False,MORITA_FIRST_ABSORPTION_REVERSAL_V1_RESEARCH_ONLY
2026-05-29,2,-0.02179536514025604,-0.004044352680675711,0.5714285714285714,0,0.32909343200740054,0.020557697500498403,-0.9999999999999999,-0.00738822525400229,DEGROSS_LIKELY,price_cross_section_only_no_fundamental_confirmation,True,False,False,False,False,False,MORITA_FIRST_ABSORPTION_REVERSAL_V1_RESEARCH_ONLY
2026-06-01,2,-0.012930449011405276,-0.034443990294030224,1.0,0,0.5634050693095561,0.01900759094760693,1.0,0.0165409926150496,MIXED,price_cross_section_only_no_fundamental_confirmation,True,False,False,False,False,False,MORITA_FIRST_ABSORPTION_REVERSAL_V1_RESEARCH_ONLY
2026-06-02,2,0.06265730321811902,0.04891666714225962,0.0,0,0.9896755593765051,0.0,-1.0,-0.027020733718124523,DEGROSS_LIKELY,price_cross_section_only_no_fundamental_confirmation,True,False,False,False,False,False,MORITA_FIRST_ABSORPTION_REVERSAL_V1_RESEARCH_ONLY
2026-06-03,2,0.04342626081857559,0.10880453642843313,0.0,0,0.5951854564525463,0.0,-1.0,-0.053612800867738786,DEGROSS_LIKELY,price_cross_section_only_no_fundamental_confirmation,True,False,False,False,False,False,MORITA_FIRST_ABSORPTION_REVERSAL_V1_RESEARCH_ONLY
2026-06-04,2,-0.006859247648272282,0.03626914169291018,1.0,0,0.7280833941988188,0.006009239718000325,-1.0,-0.03967925279620321,DEGROSS_LIKELY,price_cross_section_only_no_fundamental_confirmation,True,False,False,False,False,False,MORITA_FIRST_ABSORPTION_REVERSAL_V1_RESEARCH_ONLY
2026-06-05,2,-0.12026248448468446,-0.12629682196907988,1.0,0,0.09796305635169082,0.08156608309847223,1.0,0.026341576228132824,MIXED,price_cross_section_only_no_fundamental_confirmation,True,False,False,False,False,False,MORITA_FIRST_ABSORPTION_REVERSAL_V1_RESEARCH_ONLY
2026-06-08,2,0.04682482638666863,-0.07906892805484056,0.0,0,0.5340130581909576,0.0,0.9999999999999999,0.024137474083540167,MIXED,price_cross_section_only_no_fundamental_confirmation,True,False,False,False,False,False,MORITA_FIRST_ABSORPTION_REVERSAL_V1_RESEARCH_ONLY
2026-06-09,2,-0.014625452909395764,0.03151453918396396,0.5714285714285714,0,0.5219670293169602,0.012720311030798962,1.0,0.03250004045902544,MIXED,price_cross_section_only_no_fundamental_confirmation,True,False,False,False,False,False,MORITA_FIRST_ABSORPTION_REVERSAL_V1_RESEARCH_ONLY
2026-06-10,2,-0.058557448654035116,-0.07232647235564704,1.0,0,0.06778533026033415,0.057819891809703504,1.0,0.08507923929156347,MIXED,price_cross_section_only_no_fundamental_confirmation,True,False,False,False,False,False,MORITA_FIRST_ABSORPTION_REVERSAL_V1_RESEARCH_ONLY
2026-06-11,2,0.09726976585864455,0.03301644788475189,0.0,0,0.9943859408688331,0.0,1.0,0.042880911654373355,MIXED,price_cross_section_only_no_fundamental_confirmation,True,False,False,False,False,False,MORITA_FIRST_ABSORPTION_REVERSAL_V1_RESEARCH_ONLY
2026-06-12,2,0.057157888462010975,0.15998738874832985,0.0,0,0.8285718645368324,0.0,-1.0,-0.034635428109603295,DEGROSS_LIKELY,price_cross_section_only_no_fundamental_confirmation,True,False,False,False,False,False,MORITA_FIRST_ABSORPTION_REVERSAL_V1_RESEARCH_ONLY
2026-06-15,2,0.0724454131218617,0.1337441284266765,0.0,0,0.6363643892339544,0.0,-1.0,-0.04686818911328117,DEGROSS_LIKELY,price_cross_section_only_no_fundamental_confirmation,True,False,False,False,False,False,MORITA_FIRST_ABSORPTION_REVERSAL_V1_RESEARCH_ONLY
2026-06-16,2,-0.05332901034503612,0.015252960590999454,1.0,0,0.004809651819595154,0.0501056471902126,1.0,0.014604485624225338,MIXED,price_cross_section_only_no_fundamental_confirmation,True,False,False,False,False,False,MORITA_FIRST_ABSORPTION_REVERSAL_V1_RESEARCH_ONLY
2026-06-17,2,-0.0019299096937648308,-0.05515599986477726,0.5714285714285714,0,0.009843347526678231,0.0020257349949359895,0.9999999999999998,0.044338570792613274,MIXED,price_cross_section_only_no_fundamental_confirmation,True,False,False,False,False,False,MORITA_FIRST_ABSORPTION_REVERSAL_V1_RESEARCH_ONLY
2026-06-18,2,0.0718621892612723,0.06979359203183688,0.0,0,0.9105837367511153,0.0,1.0,0.039567325839878764,MIXED,price_cross_section_only_no_fundamental_confirmation,True,False,False,False,False,False,MORITA_FIRST_ABSORPTION_REVERSAL_V1_RESEARCH_ONLY
2026-06-22,2,0.043569569755263604,0.11856276368432095,0.0,0,0.8881511476033254,0.0,1.0,0.014228235874429451,MIXED,price_cross_section_only_no_fundamental_confirmation,True,False,False,False,False,False,MORITA_FIRST_ABSORPTION_REVERSAL_V1_RESEARCH_ONLY
2026-06-23,2,-0.08070022950287203,-0.04064673402619956,1.0,0,0.5703513657749615,0.04702923505354651,-0.9999999999999999,-0.0016791805248810299,DEGROSS_LIKELY,price_cross_section_only_no_fundamental_confirmation,True,False,False,False,False,False,MORITA_FIRST_ABSORPTION_REVERSAL_V1_RESEARCH_ONLY
2026-06-24,2,0.016852368780659654,-0.06520785075047852,0.42857142857142855,0,0.6983887426225454,0.0,-0.9999999999999999,-0.027382986864744274,DEGROSS_LIKELY,price_cross_section_only_no_fundamental_confirmation,True,False,False,False,False,False,MORITA_FIRST_ABSORPTION_REVERSAL_V1_RESEARCH_ONLY
2026-06-25,2,0.10477522932830596,0.12339330891268441,0.0,0,0.9909451485608953,0.0,-1.0,-0.06907261769430795,DEGROSS_LIKELY,price_cross_section_only_no_fundamental_confirmation,True,False,False,False,False,False,MORITA_FIRST_ABSORPTION_REVERSAL_V1_RESEARCH_ONLY
2026-06-26,2,-0.07437072366091968,0.0226122960405013,1.0,0,0.41573666361827977,0.03152529679149889,-0.9999999999999999,-0.004295671325309058,DEGROSS_LIKELY,price_cross_section_only_no_fundamental_confirmation,True,False,False,False,False,False,MORITA_FIRST_ABSORPTION_REVERSAL_V1_RESEARCH_ONLY
2026-06-29,2,0.06031682229332702,-0.018539707090474478,0.0,0,0.89110382624467,0.0,1.0,0.03240727667265042,MIXED,price_cross_section_only_no_fundamental_confirmation,True,False,False,False,False,False,MORITA_FIRST_ABSORPTION_REVERSAL_V1_RESEARCH_ONLY
2026-06-30,2,0.04453704640093714,0.10754020180749913,0.0,0,0.854173887847095,0.0,1.0,0.03705207466366023,MIXED,price_cross_section_only_no_fundamental_confirmation,True,False,False,False,False,False,MORITA_FIRST_ABSORPTION_REVERSAL_V1_RESEARCH_ONLY
2026-07-01,2,-0.11677414109548545,-0.07743787003494751,1.0,0,0.057847209523063124,0.1170385269120277,1.0,0.06553880222958408,MIXED,price_cross_section_only_no_fundamental_confirmation,True,False,False,False,False,False,MORITA_FIRST_ABSORPTION_REVERSAL_V1_RESEARCH_ONLY
2026-07-02,2,-0.13630832709125285,-0.2371651803664948,1.0,0,0.10453253527117533,0.12823203056388496,1.0,0.05901771541814338,MIXED,price_cross_section_only_no_fundamental_confirmation,True,False,False,False,False,False,MORITA_FIRST_ABSORPTION_REVERSAL_V1_RESEARCH_ONLY
2026-07-06,2,0.028258670728731783,-0.11190154849537715,0.0,0,0.10384349305970395,0.0,0.9999999999999998,0.007315752336619963,MIXED,price_cross_section_only_no_fundamental_confirmation,True,False,False,False,False,False,MORITA_FIRST_ABSORPTION_REVERSAL_V1_RESEARCH_ONLY
2026-07-07,2,-0.09593698544504792,-0.07038936639871485,1.0,4,0.4525478042143506,0.08501755201018993,1.0,0.026648283290156005,MIXED,price_cross_section_only_no_fundamental_confirmation,True,False,False,False,False,False,MORITA_FIRST_ABSORPTION_REVERSAL_V1_RESEARCH_ONLY
2026-07-08,2,0.02465688069086025,-0.07364561155814708,0.42857142857142855,0,0.8594490947189161,0.0,1.0,0.022920232451486444,MIXED,price_cross_section_only_no_fundamental_confirmation,True,False,False,False,False,False,MORITA_FIRST_ABSORPTION_REVERSAL_V1_RESEARCH_ONLY
2026-07-09,2,0.03180018898901982,0.057241163145729024,0.0,0,0.08586674824749584,0.0,-1.0,-0.0022879604893544236,DEGROSS_LIKELY,price_cross_section_only_no_fundamental_confirmation,True,False,False,False,False,False,MORITA_FIRST_ABSORPTION_REVERSAL_V1_RESEARCH_ONLY
2026-07-10,2,-0.008683649611259447,0.022840397679007918,1.0,0,0.8321965902916505,0.0316647761890523,1.0,0.032083816291839096,MIXED,price_cross_section_only_no_fundamental_confirmation,True,False,False,False,False,False,MORITA_FIRST_ABSORPTION_REVERSAL_V1_RESEARCH_ONLY
