segment_axis,segment_value,n,independent_episode_n,win_rate,mean,median,gross_profit,gross_loss,profit_factor,expectancy,standard_error,bootstrap_ci_low,bootstrap_ci_high,max_drawdown,worst_trade,best_trade,top_1_contribution_share,top_3_contribution_share,top_5_contribution_share,research_only,execution_allowed,live_order_allowed,order_preview_allowed,broker_account_access_allowed,positions_access_allowed,balance_access_allowed,threshold_optimization_allowed,future_information_allowed,synthetic_intraday_data_allowed,consumable_by_production
rank,A,497,497,0.4869215291750503,0.0018251451116139542,-0.0015178496337551195,8.269864131503565,-7.36276701103143,1.1232005737942077,0.0018251451116139542,0.0024013890606027328,-0.002415138874308786,0.006716903799552949,-0.8897879878406273,-0.1855072742198547,0.7544296536459976,0.09122636619530927,0.12246081571230061,0.15091780922688802,True,False,False,False,False,False,False,False,False,False,False
rank,S,307,307,0.4820846905537459,0.015562694978389992,-0.001938765344887683,10.8476441320982,-6.069896773732472,1.787121682042678,0.015562694978389992,0.0077978511546478125,0.0024221699256660573,0.03305887486937976,-0.8435856045994521,-0.1855072742198547,0.7544296536459976,0.06954778793061978,0.2086433637918593,0.3477389396530989,True,False,False,False,False,False,False,False,False,False,False
entry,Open,804,804,0.48507462686567165,0.007070702088106795,-0.0017364102449185514,19.117508263601767,-13.432663784763902,1.423210509093955,0.007070702088106795,0.003332446499430375,0.0011599105947868093,0.013810723850385509,-0.964097960519765,-0.1855072742198547,0.7544296536459976,0.03946276069263547,0.1183882820779064,0.19731380346317737,True,False,False,False,False,False,False,False,False,False,False
calendar_year,2023,206,206,0.44660194174757284,-0.0020934068535751124,-0.005469225032811387,2.432914723187406,-2.864156535023879,0.8494349709720466,-0.0020934068535751124,0.0023038799230854484,-0.0067954453248219564,0.0019657590760465667,-0.659203249444845,-0.10378722569387733,0.10288117597717328,0.042287210068089345,0.12617216421304653,0.18883526852345794,True,False,False,False,False,False,False,False,False,False,False
calendar_year,2024,227,227,0.5066079295154186,0.0011959614337704032,0.0006545723306794482,3.8790895251438506,-3.607606279677969,1.0752530138876784,0.0011959614337704032,0.0028787605302189696,-0.004456082986456657,0.006586092234164011,-0.5040918078086242,-0.13491300166127485,0.11923960956486956,0.030739071318661493,0.09221721395598448,0.14320608897528403,True,False,False,False,False,False,False,False,False,False,False
calendar_year,2025,219,219,0.4474885844748858,-0.010276244853174698,-0.002780308812982968,2.73749426037804,-4.987991883223298,0.5488169035690249,-0.010276244853174698,0.003547770635223567,-0.017708952059853202,-0.003479131834092499,-0.9456726967031664,-0.1855072742198547,0.13906504416295595,0.05080012264345405,0.12391605184595461,0.18699315872270247,True,False,False,False,False,False,False,False,False,False,False
calendar_year,2026,152,152,0.5592105263157895,0.05325724123719549,0.005699094817735562,10.068009754892469,-1.972909086838755,5.103129090973325,0.05325724123719549,0.015485846053196516,0.02544525824880442,0.08654587774873024,-0.39318631108513424,-0.08753095849348713,0.7544296536459976,0.07493334551840183,0.2248000365552055,0.3746667275920092,True,False,False,False,False,False,False,False,False,False,False
breakout_age_bin,1-5,550,550,0.4890909090909091,0.0034376291704773542,-0.0016271299393368355,11.495633058480564,-9.604937014718018,1.1968462719604884,0.0034376291704773542,0.003361792999586431,-0.0029400580200640088,0.009723080079239076,-0.915863945391587,-0.1855072742198547,0.7544296536459976,0.06562749957380028,0.1968824987214008,0.2728825988260526,True,False,False,False,False,False,False,False,False,False,False
breakout_age_bin,6-10,133,133,0.556390977443609,0.027306788144129665,0.0032909460156083092,5.783220246409172,-2.151417423239927,2.688097708951307,0.027306788144129665,0.013117135689336638,0.005026939305510481,0.05577730768717942,-0.4930268225902096,-0.1855072742198547,0.7544296536459976,0.13045148230597414,0.39135444691792237,0.6522574115298707,True,False,False,False,False,False,False,False,False,False,False
breakout_age_bin,11-20,108,108,0.42592592592592593,0.0028361545423203566,-0.002359092633651194,1.8353802047514371,-1.5290755141808385,1.2003201854518566,0.0028361545423203566,0.007591465998207323,-0.008673925808055689,0.020169769191120974,-0.37691150985284305,-0.06570327065812864,0.7544296536459976,0.41104815868283207,0.47720972940998846,0.5372371437369212,True,False,False,False,False,False,False,False,False,False,False
breakout_age_bin,21-30,13,13,0.07692307692307693,-0.011073775281886552,-0.0073681814848118865,0.0032747539605919584,-0.14723383262511713,0.022241857745631397,-0.011073775281886552,0.004025793960621338,-0.022141127717147595,-0.005746408076064804,-0.13234591716537591,-0.05710296101485357,0.0032747539605919584,1.0,1.0,1.0,True,False,False,False,False,False,False,False,False,False,False
semiconductor_segment,non_semiconductor,721,721,0.4812760055478502,0.007314159981751442,-0.0019495689071211686,17.56299974253508,-12.289490395692289,1.4291072434290084,0.007314159981751442,0.003674595826526578,-0.00036148423232811825,0.014629691563626913,-0.9548856650402879,-0.1855072742198547,0.7544296536459976,0.04295562629992396,0.12886687889977186,0.2147781314996198,True,False,False,False,False,False,False,False,False,False,False
semiconductor_segment,semiconductor_or_soxx,83,83,0.5180722891566265,0.004955844963796073,0.0032747539605919584,1.5545085210666876,-1.1431733890716134,1.3598186731140802,0.004955844963796073,0.00484460568282765,-0.004248019790927792,0.014433018077271908,-0.39561901440488945,-0.0852384267016677,0.1160958603918465,0.07468332197509134,0.2192744529893913,0.341557438379418,True,False,False,False,False,False,False,False,False,False,False
