ticker,event_id,event_start,event_selection_as_of,latest_valid_guidance_date,guidance_available_at,revenue_low,revenue_mid,revenue_high,eps_low,eps_mid,eps_high,gross_margin_low,gross_margin_mid,gross_margin_high,operating_margin_low,operating_margin_mid,operating_margin_high,tax_rate,capex_low,capex_mid,capex_high,fcf_low,fcf_mid,fcf_high,diluted_shares,cash,debt,net_cash_debt,source_ids,coverage_grade,missing_fields,row_blocker,future_safe,research_only,execution_allowed,live_order_allowed,broker_access_allowed,account_access_allowed,consumable_by_production,production_eligible,options_modeled,thresholds_optimized,future_information_allowed,signal_scope
MKSI,MKSI_000,,,,,,,,,,,,,,,,,,,,,,,,,,,,outputs/morita_dynamic_anchor_strategy_v1/valuation_assumptions_by_event.csv:0,D_UNUSABLE,EPS_low|EPS_high|diluted_shares|reference_multiple|lineage,MISSING_REVENUE_BRIDGE,True,True,False,False,False,False,False,False,False,False,False,MORITA_UNIFIED_FLOW_V3_8_PIT_BAND_RECOVERY_RESEARCH_ONLY
MKSI,MKSI_001,,,,,,,,,,,,,,,,,,,,,,,,,,,,outputs/morita_dynamic_anchor_strategy_v1/valuation_assumptions_by_event.csv:0,D_UNUSABLE,EPS_low|EPS_high|diluted_shares|reference_multiple|lineage,MISSING_REVENUE_BRIDGE,True,True,False,False,False,False,False,False,False,False,False,MORITA_UNIFIED_FLOW_V3_8_PIT_BAND_RECOVERY_RESEARCH_ONLY
MKSI,MKSI_002,,,,,,,,,,,,,,,,,,,,,,,,,,,,outputs/morita_dynamic_anchor_strategy_v1/valuation_assumptions_by_event.csv:0,D_UNUSABLE,EPS_low|EPS_high|diluted_shares|reference_multiple|lineage,MISSING_REVENUE_BRIDGE,True,True,False,False,False,False,False,False,False,False,False,MORITA_UNIFIED_FLOW_V3_8_PIT_BAND_RECOVERY_RESEARCH_ONLY
MKSI,MKSI_003,,,,,,,,,,,,,,,,,,,,,,,,,,,,outputs/morita_dynamic_anchor_strategy_v1/valuation_assumptions_by_event.csv:0,D_UNUSABLE,EPS_low|EPS_high|diluted_shares|reference_multiple|lineage,MISSING_REVENUE_BRIDGE,True,True,False,False,False,False,False,False,False,False,False,MORITA_UNIFIED_FLOW_V3_8_PIT_BAND_RECOVERY_RESEARCH_ONLY
MKSI,MKSI_004,,,,,,,,,,,,,,,,,,,,,,,,,,,,outputs/morita_dynamic_anchor_strategy_v1/valuation_assumptions_by_event.csv:0,D_UNUSABLE,EPS_low|EPS_high|diluted_shares|reference_multiple|lineage,MISSING_REVENUE_BRIDGE,True,True,False,False,False,False,False,False,False,False,False,MORITA_UNIFIED_FLOW_V3_8_PIT_BAND_RECOVERY_RESEARCH_ONLY
MKSI,MKSI_005,,,,,,,,,,,,,,,,,,,,,,,,,,,,outputs/morita_dynamic_anchor_strategy_v1/valuation_assumptions_by_event.csv:0,D_UNUSABLE,EPS_low|EPS_high|diluted_shares|reference_multiple|lineage,MISSING_REVENUE_BRIDGE,True,True,False,False,False,False,False,False,False,False,False,MORITA_UNIFIED_FLOW_V3_8_PIT_BAND_RECOVERY_RESEARCH_ONLY
TER,TER_006,,,,,,,,,,,,,,,,,,,,,,,,,,,,outputs/morita_dynamic_anchor_strategy_v1/valuation_assumptions_by_event.csv:3,D_UNUSABLE,EPS_low|EPS_high|diluted_shares|reference_multiple|lineage,MISSING_REVENUE_BRIDGE,True,True,False,False,False,False,False,False,False,False,False,MORITA_UNIFIED_FLOW_V3_8_PIT_BAND_RECOVERY_RESEARCH_ONLY
TER,TER_007,,,,,,,,,,,,,,,,,,,,,,,,,,,,outputs/morita_dynamic_anchor_strategy_v1/valuation_assumptions_by_event.csv:3,D_UNUSABLE,EPS_low|EPS_high|diluted_shares|reference_multiple|lineage,MISSING_REVENUE_BRIDGE,True,True,False,False,False,False,False,False,False,False,False,MORITA_UNIFIED_FLOW_V3_8_PIT_BAND_RECOVERY_RESEARCH_ONLY
AMAT,AMAT_008,,,,,,,,,,,,,,,,,,,,,,,,,,,,outputs/morita_dynamic_anchor_strategy_v1/valuation_assumptions_by_event.csv:6,D_UNUSABLE,EPS_low|EPS_high|diluted_shares|reference_multiple|lineage,MISSING_REVENUE_BRIDGE,True,True,False,False,False,False,False,False,False,False,False,MORITA_UNIFIED_FLOW_V3_8_PIT_BAND_RECOVERY_RESEARCH_ONLY
AMAT,AMAT_009,,,,,,,,,,,,,,,,,,,,,,,,,,,,outputs/morita_dynamic_anchor_strategy_v1/valuation_assumptions_by_event.csv:6,D_UNUSABLE,EPS_low|EPS_high|diluted_shares|reference_multiple|lineage,MISSING_REVENUE_BRIDGE,True,True,False,False,False,False,False,False,False,False,False,MORITA_UNIFIED_FLOW_V3_8_PIT_BAND_RECOVERY_RESEARCH_ONLY
AMAT,AMAT_010,,,,,,,,,,,,,,,,,,,,,,,,,,,,outputs/morita_dynamic_anchor_strategy_v1/valuation_assumptions_by_event.csv:6,D_UNUSABLE,EPS_low|EPS_high|diluted_shares|reference_multiple|lineage,MISSING_REVENUE_BRIDGE,True,True,False,False,False,False,False,False,False,False,False,MORITA_UNIFIED_FLOW_V3_8_PIT_BAND_RECOVERY_RESEARCH_ONLY
AMAT,AMAT_011,,,,,,,,,,,,,,,,,,,,,,,,,,,,outputs/morita_dynamic_anchor_strategy_v1/valuation_assumptions_by_event.csv:6,D_UNUSABLE,EPS_low|EPS_high|diluted_shares|reference_multiple|lineage,MISSING_REVENUE_BRIDGE,True,True,False,False,False,False,False,False,False,False,False,MORITA_UNIFIED_FLOW_V3_8_PIT_BAND_RECOVERY_RESEARCH_ONLY
AMAT,AMAT_012,,,,,,,,,,,,,,,,,,,,,,,,,,,,outputs/morita_dynamic_anchor_strategy_v1/valuation_assumptions_by_event.csv:6,D_UNUSABLE,EPS_low|EPS_high|diluted_shares|reference_multiple|lineage,MISSING_REVENUE_BRIDGE,True,True,False,False,False,False,False,False,False,False,False,MORITA_UNIFIED_FLOW_V3_8_PIT_BAND_RECOVERY_RESEARCH_ONLY
AMAT,AMAT_013,,,,,,,,,,,,,,,,,,,,,,,,,,,,outputs/morita_dynamic_anchor_strategy_v1/valuation_assumptions_by_event.csv:6,D_UNUSABLE,EPS_low|EPS_high|diluted_shares|reference_multiple|lineage,MISSING_REVENUE_BRIDGE,True,True,False,False,False,False,False,False,False,False,False,MORITA_UNIFIED_FLOW_V3_8_PIT_BAND_RECOVERY_RESEARCH_ONLY
LRCX,LRCX_014,,,,,,,,,,,,,,,,,,,,,,,,,,,,outputs/research_only/anchor_absorption_monitor_v1/anchor_absorption_monitor_v1_20260711T044857Z/anchor_guidance_snapshots.csv:0,D_UNUSABLE,EPS_low|EPS_high|diluted_shares|reference_multiple|lineage,MISSING_REVENUE_BRIDGE,True,True,False,False,False,False,False,False,False,False,False,MORITA_UNIFIED_FLOW_V3_8_PIT_BAND_RECOVERY_RESEARCH_ONLY
LRCX,LRCX_015,,,,,,,,,,,,,,,,,,,,,,,,,,,,outputs/research_only/anchor_absorption_monitor_v1/anchor_absorption_monitor_v1_20260711T044857Z/anchor_guidance_snapshots.csv:0,D_UNUSABLE,EPS_low|EPS_high|diluted_shares|reference_multiple|lineage,MISSING_REVENUE_BRIDGE,True,True,False,False,False,False,False,False,False,False,False,MORITA_UNIFIED_FLOW_V3_8_PIT_BAND_RECOVERY_RESEARCH_ONLY
LRCX,LRCX_016,,,,,,,,,,,,,,,,,,,,,,,,,,,,outputs/research_only/anchor_absorption_monitor_v1/anchor_absorption_monitor_v1_20260711T044857Z/anchor_guidance_snapshots.csv:0,D_UNUSABLE,EPS_low|EPS_high|diluted_shares|reference_multiple|lineage,MISSING_REVENUE_BRIDGE,True,True,False,False,False,False,False,False,False,False,False,MORITA_UNIFIED_FLOW_V3_8_PIT_BAND_RECOVERY_RESEARCH_ONLY
LRCX,LRCX_017,,,,,,,,,,,,,,,,,,,,,,,,,,,,outputs/research_only/anchor_absorption_monitor_v1/anchor_absorption_monitor_v1_20260711T044857Z/anchor_guidance_snapshots.csv:0,D_UNUSABLE,EPS_low|EPS_high|diluted_shares|reference_multiple|lineage,MISSING_REVENUE_BRIDGE,True,True,False,False,False,False,False,False,False,False,False,MORITA_UNIFIED_FLOW_V3_8_PIT_BAND_RECOVERY_RESEARCH_ONLY
LRCX,LRCX_018,,,,,,,,,,,,,,,,,,,,,,,,,,,,outputs/research_only/anchor_absorption_monitor_v1/anchor_absorption_monitor_v1_20260711T044857Z/anchor_guidance_snapshots.csv:0,D_UNUSABLE,EPS_low|EPS_high|diluted_shares|reference_multiple|lineage,MISSING_REVENUE_BRIDGE,True,True,False,False,False,False,False,False,False,False,False,MORITA_UNIFIED_FLOW_V3_8_PIT_BAND_RECOVERY_RESEARCH_ONLY
AMAT,AMAT_019,,,,,,,,,,,,,,,,,,,,,,,,,,,,outputs/research_only/anchor_absorption_monitor_v1/anchor_absorption_monitor_v1_20260711T044857Z/anchor_guidance_snapshots.csv:1,D_UNUSABLE,EPS_low|EPS_high|diluted_shares|reference_multiple|lineage,MISSING_REVENUE_BRIDGE,True,True,False,False,False,False,False,False,False,False,False,MORITA_UNIFIED_FLOW_V3_8_PIT_BAND_RECOVERY_RESEARCH_ONLY
AMAT,AMAT_020,,,,,,,,,,,,,,,,,,,,,,,,,,,,outputs/research_only/anchor_absorption_monitor_v1/anchor_absorption_monitor_v1_20260711T044857Z/anchor_guidance_snapshots.csv:1,D_UNUSABLE,EPS_low|EPS_high|diluted_shares|reference_multiple|lineage,MISSING_REVENUE_BRIDGE,True,True,False,False,False,False,False,False,False,False,False,MORITA_UNIFIED_FLOW_V3_8_PIT_BAND_RECOVERY_RESEARCH_ONLY
AMAT,AMAT_021,,,,,,,,,,,,,,,,,,,,,,,,,,,,outputs/research_only/anchor_absorption_monitor_v1/anchor_absorption_monitor_v1_20260711T044857Z/anchor_guidance_snapshots.csv:1,D_UNUSABLE,EPS_low|EPS_high|diluted_shares|reference_multiple|lineage,MISSING_REVENUE_BRIDGE,True,True,False,False,False,False,False,False,False,False,False,MORITA_UNIFIED_FLOW_V3_8_PIT_BAND_RECOVERY_RESEARCH_ONLY
AMAT,AMAT_022,,,,,,,,,,,,,,,,,,,,,,,,,,,,outputs/research_only/anchor_absorption_monitor_v1/anchor_absorption_monitor_v1_20260711T044857Z/anchor_guidance_snapshots.csv:1,D_UNUSABLE,EPS_low|EPS_high|diluted_shares|reference_multiple|lineage,MISSING_REVENUE_BRIDGE,True,True,False,False,False,False,False,False,False,False,False,MORITA_UNIFIED_FLOW_V3_8_PIT_BAND_RECOVERY_RESEARCH_ONLY
AMAT,AMAT_023,,,,,,,,,,,,,,,,,,,,,,,,,,,,outputs/research_only/anchor_absorption_monitor_v1/anchor_absorption_monitor_v1_20260711T044857Z/anchor_guidance_snapshots.csv:1,D_UNUSABLE,EPS_low|EPS_high|diluted_shares|reference_multiple|lineage,MISSING_REVENUE_BRIDGE,True,True,False,False,False,False,False,False,False,False,False,MORITA_UNIFIED_FLOW_V3_8_PIT_BAND_RECOVERY_RESEARCH_ONLY
AMAT,AMAT_024,,,,,,,,,,,,,,,,,,,,,,,,,,,,outputs/research_only/anchor_absorption_monitor_v1/anchor_absorption_monitor_v1_20260711T044857Z/anchor_guidance_snapshots.csv:1,D_UNUSABLE,EPS_low|EPS_high|diluted_shares|reference_multiple|lineage,MISSING_REVENUE_BRIDGE,True,True,False,False,False,False,False,False,False,False,False,MORITA_UNIFIED_FLOW_V3_8_PIT_BAND_RECOVERY_RESEARCH_ONLY
KLAC,KLAC_025,,,,,,,,,,,,,,,,,,,,,,,,,,,,outputs/research_only/anchor_absorption_monitor_v1/anchor_absorption_monitor_v1_20260711T044857Z/anchor_guidance_snapshots.csv:2,D_UNUSABLE,EPS_low|EPS_high|diluted_shares|reference_multiple|lineage,MISSING_REVENUE_BRIDGE,True,True,False,False,False,False,False,False,False,False,False,MORITA_UNIFIED_FLOW_V3_8_PIT_BAND_RECOVERY_RESEARCH_ONLY
KLAC,KLAC_026,,,,,,,,,,,,,,,,,,,,,,,,,,,,outputs/research_only/anchor_absorption_monitor_v1/anchor_absorption_monitor_v1_20260711T044857Z/anchor_guidance_snapshots.csv:2,D_UNUSABLE,EPS_low|EPS_high|diluted_shares|reference_multiple|lineage,MISSING_REVENUE_BRIDGE,True,True,False,False,False,False,False,False,False,False,False,MORITA_UNIFIED_FLOW_V3_8_PIT_BAND_RECOVERY_RESEARCH_ONLY
KLAC,KLAC_027,,,,,,,,,,,,,,,,,,,,,,,,,,,,outputs/research_only/anchor_absorption_monitor_v1/anchor_absorption_monitor_v1_20260711T044857Z/anchor_guidance_snapshots.csv:2,D_UNUSABLE,EPS_low|EPS_high|diluted_shares|reference_multiple|lineage,MISSING_REVENUE_BRIDGE,True,True,False,False,False,False,False,False,False,False,False,MORITA_UNIFIED_FLOW_V3_8_PIT_BAND_RECOVERY_RESEARCH_ONLY
KLAC,KLAC_028,,,,,,,,,,,,,,,,,,,,,,,,,,,,outputs/research_only/anchor_absorption_monitor_v1/anchor_absorption_monitor_v1_20260711T044857Z/anchor_guidance_snapshots.csv:2,D_UNUSABLE,EPS_low|EPS_high|diluted_shares|reference_multiple|lineage,MISSING_REVENUE_BRIDGE,True,True,False,False,False,False,False,False,False,False,False,MORITA_UNIFIED_FLOW_V3_8_PIT_BAND_RECOVERY_RESEARCH_ONLY
KLAC,KLAC_029,,,,,,,,,,,,,,,,,,,,,,,,,,,,outputs/research_only/anchor_absorption_monitor_v1/anchor_absorption_monitor_v1_20260711T044857Z/anchor_guidance_snapshots.csv:2,D_UNUSABLE,EPS_low|EPS_high|diluted_shares|reference_multiple|lineage,MISSING_REVENUE_BRIDGE,True,True,False,False,False,False,False,False,False,False,False,MORITA_UNIFIED_FLOW_V3_8_PIT_BAND_RECOVERY_RESEARCH_ONLY
KLAC,KLAC_030,,,,,,,,,,,,,,,,,,,,,,,,,,,,outputs/research_only/anchor_absorption_monitor_v1/anchor_absorption_monitor_v1_20260711T044857Z/anchor_guidance_snapshots.csv:2,D_UNUSABLE,EPS_low|EPS_high|diluted_shares|reference_multiple|lineage,MISSING_REVENUE_BRIDGE,True,True,False,False,False,False,False,False,False,False,False,MORITA_UNIFIED_FLOW_V3_8_PIT_BAND_RECOVERY_RESEARCH_ONLY
MKSI,MKSI_031,,,,,,,,,,,,,,,,,,,,,,,,,,,,outputs/research_only/anchor_absorption_monitor_v1/anchor_absorption_monitor_v1_20260711T044857Z/anchor_guidance_snapshots.csv:3,D_UNUSABLE,EPS_low|EPS_high|diluted_shares|reference_multiple|lineage,MISSING_REVENUE_BRIDGE,True,True,False,False,False,False,False,False,False,False,False,MORITA_UNIFIED_FLOW_V3_8_PIT_BAND_RECOVERY_RESEARCH_ONLY
MKSI,MKSI_032,,,,,,,,,,,,,,,,,,,,,,,,,,,,outputs/research_only/anchor_absorption_monitor_v1/anchor_absorption_monitor_v1_20260711T044857Z/anchor_guidance_snapshots.csv:3,D_UNUSABLE,EPS_low|EPS_high|diluted_shares|reference_multiple|lineage,MISSING_REVENUE_BRIDGE,True,True,False,False,False,False,False,False,False,False,False,MORITA_UNIFIED_FLOW_V3_8_PIT_BAND_RECOVERY_RESEARCH_ONLY
MKSI,MKSI_033,,,,,,,,,,,,,,,,,,,,,,,,,,,,outputs/research_only/anchor_absorption_monitor_v1/anchor_absorption_monitor_v1_20260711T044857Z/anchor_guidance_snapshots.csv:3,D_UNUSABLE,EPS_low|EPS_high|diluted_shares|reference_multiple|lineage,MISSING_REVENUE_BRIDGE,True,True,False,False,False,False,False,False,False,False,False,MORITA_UNIFIED_FLOW_V3_8_PIT_BAND_RECOVERY_RESEARCH_ONLY
MKSI,MKSI_034,,,,,,,,,,,,,,,,,,,,,,,,,,,,outputs/research_only/anchor_absorption_monitor_v1/anchor_absorption_monitor_v1_20260711T044857Z/anchor_guidance_snapshots.csv:3,D_UNUSABLE,EPS_low|EPS_high|diluted_shares|reference_multiple|lineage,MISSING_REVENUE_BRIDGE,True,True,False,False,False,False,False,False,False,False,False,MORITA_UNIFIED_FLOW_V3_8_PIT_BAND_RECOVERY_RESEARCH_ONLY
MKSI,MKSI_035,,,,,,,,,,,,,,,,,,,,,,,,,,,,outputs/research_only/anchor_absorption_monitor_v1/anchor_absorption_monitor_v1_20260711T044857Z/anchor_guidance_snapshots.csv:3,D_UNUSABLE,EPS_low|EPS_high|diluted_shares|reference_multiple|lineage,MISSING_REVENUE_BRIDGE,True,True,False,False,False,False,False,False,False,False,False,MORITA_UNIFIED_FLOW_V3_8_PIT_BAND_RECOVERY_RESEARCH_ONLY
MKSI,MKSI_036,,,,,,,,,,,,,,,,,,,,,,,,,,,,outputs/research_only/anchor_absorption_monitor_v1/anchor_absorption_monitor_v1_20260711T044857Z/anchor_guidance_snapshots.csv:3,D_UNUSABLE,EPS_low|EPS_high|diluted_shares|reference_multiple|lineage,MISSING_REVENUE_BRIDGE,True,True,False,False,False,False,False,False,False,False,False,MORITA_UNIFIED_FLOW_V3_8_PIT_BAND_RECOVERY_RESEARCH_ONLY
AMAT,AMAT_037,,,,,,,,,,,,,,,,,,,,,,,,,,,,outputs/research_only/anchor_absorption_monitor_v1_1/anchor_absorption_monitor_v1_1_20260711T054001Z/anchor_guidance_snapshots_validated.csv:0,D_UNUSABLE,EPS_low|EPS_high|diluted_shares|reference_multiple|lineage,MISSING_REVENUE_BRIDGE,True,True,False,False,False,False,False,False,False,False,False,MORITA_UNIFIED_FLOW_V3_8_PIT_BAND_RECOVERY_RESEARCH_ONLY
AMAT,AMAT_038,,,,,,,,,,,,,,,,,,,,,,,,,,,,outputs/research_only/anchor_absorption_monitor_v1_1/anchor_absorption_monitor_v1_1_20260711T054001Z/anchor_guidance_snapshots_validated.csv:0,D_UNUSABLE,EPS_low|EPS_high|diluted_shares|reference_multiple|lineage,MISSING_REVENUE_BRIDGE,True,True,False,False,False,False,False,False,False,False,False,MORITA_UNIFIED_FLOW_V3_8_PIT_BAND_RECOVERY_RESEARCH_ONLY
AMAT,AMAT_039,,,,,,,,,,,,,,,,,,,,,,,,,,,,outputs/research_only/anchor_absorption_monitor_v1_1/anchor_absorption_monitor_v1_1_20260711T054001Z/anchor_guidance_snapshots_validated.csv:0,D_UNUSABLE,EPS_low|EPS_high|diluted_shares|reference_multiple|lineage,MISSING_REVENUE_BRIDGE,True,True,False,False,False,False,False,False,False,False,False,MORITA_UNIFIED_FLOW_V3_8_PIT_BAND_RECOVERY_RESEARCH_ONLY
AMAT,AMAT_040,,,,,,,,,,,,,,,,,,,,,,,,,,,,outputs/research_only/anchor_absorption_monitor_v1_1/anchor_absorption_monitor_v1_1_20260711T054001Z/anchor_guidance_snapshots_validated.csv:0,D_UNUSABLE,EPS_low|EPS_high|diluted_shares|reference_multiple|lineage,MISSING_REVENUE_BRIDGE,True,True,False,False,False,False,False,False,False,False,False,MORITA_UNIFIED_FLOW_V3_8_PIT_BAND_RECOVERY_RESEARCH_ONLY
AMAT,AMAT_041,,,,,,,,,,,,,,,,,,,,,,,,,,,,outputs/research_only/anchor_absorption_monitor_v1_1/anchor_absorption_monitor_v1_1_20260711T054001Z/anchor_guidance_snapshots_validated.csv:0,D_UNUSABLE,EPS_low|EPS_high|diluted_shares|reference_multiple|lineage,MISSING_REVENUE_BRIDGE,True,True,False,False,False,False,False,False,False,False,False,MORITA_UNIFIED_FLOW_V3_8_PIT_BAND_RECOVERY_RESEARCH_ONLY
AMAT,AMAT_042,,,,,,,,,,,,,,,,,,,,,,,,,,,,outputs/research_only/anchor_absorption_monitor_v1_1/anchor_absorption_monitor_v1_1_20260711T054001Z/anchor_guidance_snapshots_validated.csv:0,D_UNUSABLE,EPS_low|EPS_high|diluted_shares|reference_multiple|lineage,MISSING_REVENUE_BRIDGE,True,True,False,False,False,False,False,False,False,False,False,MORITA_UNIFIED_FLOW_V3_8_PIT_BAND_RECOVERY_RESEARCH_ONLY
AMAT,AMAT_043,,,,,,,,,,,,,,,,,,,,,,,,,,,,outputs/research_only/anchor_absorption_monitor_v1_1/anchor_absorption_monitor_v1_1_20260711T054001Z/anchor_guidance_snapshots_validated.csv:1,D_UNUSABLE,EPS_low|EPS_high|diluted_shares|reference_multiple|lineage,MISSING_REVENUE_BRIDGE,True,True,False,False,False,False,False,False,False,False,False,MORITA_UNIFIED_FLOW_V3_8_PIT_BAND_RECOVERY_RESEARCH_ONLY
AMAT,AMAT_044,,,,,,,,,,,,,,,,,,,,,,,,,,,,outputs/research_only/anchor_absorption_monitor_v1_1/anchor_absorption_monitor_v1_1_20260711T054001Z/anchor_guidance_snapshots_validated.csv:1,D_UNUSABLE,EPS_low|EPS_high|diluted_shares|reference_multiple|lineage,MISSING_REVENUE_BRIDGE,True,True,False,False,False,False,False,False,False,False,False,MORITA_UNIFIED_FLOW_V3_8_PIT_BAND_RECOVERY_RESEARCH_ONLY
AMAT,AMAT_045,,,,,,,,,,,,,,,,,,,,,,,,,,,,outputs/research_only/anchor_absorption_monitor_v1_1/anchor_absorption_monitor_v1_1_20260711T054001Z/anchor_guidance_snapshots_validated.csv:1,D_UNUSABLE,EPS_low|EPS_high|diluted_shares|reference_multiple|lineage,MISSING_REVENUE_BRIDGE,True,True,False,False,False,False,False,False,False,False,False,MORITA_UNIFIED_FLOW_V3_8_PIT_BAND_RECOVERY_RESEARCH_ONLY
AMAT,AMAT_046,,,,,,,,,,,,,,,,,,,,,,,,,,,,outputs/research_only/anchor_absorption_monitor_v1_1/anchor_absorption_monitor_v1_1_20260711T054001Z/anchor_guidance_snapshots_validated.csv:1,D_UNUSABLE,EPS_low|EPS_high|diluted_shares|reference_multiple|lineage,MISSING_REVENUE_BRIDGE,True,True,False,False,False,False,False,False,False,False,False,MORITA_UNIFIED_FLOW_V3_8_PIT_BAND_RECOVERY_RESEARCH_ONLY
AMAT,AMAT_047,,,,,,,,,,,,,,,,,,,,,,,,,,,,outputs/research_only/anchor_absorption_monitor_v1_1/anchor_absorption_monitor_v1_1_20260711T054001Z/anchor_guidance_snapshots_validated.csv:1,D_UNUSABLE,EPS_low|EPS_high|diluted_shares|reference_multiple|lineage,MISSING_REVENUE_BRIDGE,True,True,False,False,False,False,False,False,False,False,False,MORITA_UNIFIED_FLOW_V3_8_PIT_BAND_RECOVERY_RESEARCH_ONLY
AMAT,AMAT_048,,,,,,,,,,,,,,,,,,,,,,,,,,,,outputs/research_only/anchor_absorption_monitor_v1_1/anchor_absorption_monitor_v1_1_20260711T054001Z/anchor_guidance_snapshots_validated.csv:1,D_UNUSABLE,EPS_low|EPS_high|diluted_shares|reference_multiple|lineage,MISSING_REVENUE_BRIDGE,True,True,False,False,False,False,False,False,False,False,False,MORITA_UNIFIED_FLOW_V3_8_PIT_BAND_RECOVERY_RESEARCH_ONLY
AMAT,AMAT_049,,,,,,,,,,,,,,,,,,,,,,,,,,,,outputs/research_only/anchor_absorption_monitor_v1_1/anchor_absorption_monitor_v1_1_20260711T054001Z/anchor_guidance_snapshots_validated.csv:2,D_UNUSABLE,EPS_low|EPS_high|diluted_shares|reference_multiple|lineage,MISSING_REVENUE_BRIDGE,True,True,False,False,False,False,False,False,False,False,False,MORITA_UNIFIED_FLOW_V3_8_PIT_BAND_RECOVERY_RESEARCH_ONLY
AMAT,AMAT_050,,,,,,,,,,,,,,,,,,,,,,,,,,,,outputs/research_only/anchor_absorption_monitor_v1_1/anchor_absorption_monitor_v1_1_20260711T054001Z/anchor_guidance_snapshots_validated.csv:2,D_UNUSABLE,EPS_low|EPS_high|diluted_shares|reference_multiple|lineage,MISSING_REVENUE_BRIDGE,True,True,False,False,False,False,False,False,False,False,False,MORITA_UNIFIED_FLOW_V3_8_PIT_BAND_RECOVERY_RESEARCH_ONLY
AMAT,AMAT_051,,,,,,,,,,,,,,,,,,,,,,,,,,,,outputs/research_only/anchor_absorption_monitor_v1_1/anchor_absorption_monitor_v1_1_20260711T054001Z/anchor_guidance_snapshots_validated.csv:2,D_UNUSABLE,EPS_low|EPS_high|diluted_shares|reference_multiple|lineage,MISSING_REVENUE_BRIDGE,True,True,False,False,False,False,False,False,False,False,False,MORITA_UNIFIED_FLOW_V3_8_PIT_BAND_RECOVERY_RESEARCH_ONLY
AMAT,AMAT_052,,,,,,,,,,,,,,,,,,,,,,,,,,,,outputs/research_only/anchor_absorption_monitor_v1_1/anchor_absorption_monitor_v1_1_20260711T054001Z/anchor_guidance_snapshots_validated.csv:2,D_UNUSABLE,EPS_low|EPS_high|diluted_shares|reference_multiple|lineage,MISSING_REVENUE_BRIDGE,True,True,False,False,False,False,False,False,False,False,False,MORITA_UNIFIED_FLOW_V3_8_PIT_BAND_RECOVERY_RESEARCH_ONLY
AMAT,AMAT_053,,,,,,,,,,,,,,,,,,,,,,,,,,,,outputs/research_only/anchor_absorption_monitor_v1_1/anchor_absorption_monitor_v1_1_20260711T054001Z/anchor_guidance_snapshots_validated.csv:2,D_UNUSABLE,EPS_low|EPS_high|diluted_shares|reference_multiple|lineage,MISSING_REVENUE_BRIDGE,True,True,False,False,False,False,False,False,False,False,False,MORITA_UNIFIED_FLOW_V3_8_PIT_BAND_RECOVERY_RESEARCH_ONLY
AMAT,AMAT_054,,,,,,,,,,,,,,,,,,,,,,,,,,,,outputs/research_only/anchor_absorption_monitor_v1_1/anchor_absorption_monitor_v1_1_20260711T054001Z/anchor_guidance_snapshots_validated.csv:2,D_UNUSABLE,EPS_low|EPS_high|diluted_shares|reference_multiple|lineage,MISSING_REVENUE_BRIDGE,True,True,False,False,False,False,False,False,False,False,False,MORITA_UNIFIED_FLOW_V3_8_PIT_BAND_RECOVERY_RESEARCH_ONLY
KLAC,KLAC_055,,,,,,,,,,,,,,,,,,,,,,,,,,,,outputs/research_only/anchor_absorption_monitor_v1_1/anchor_absorption_monitor_v1_1_20260711T054001Z/anchor_guidance_snapshots_validated.csv:3,D_UNUSABLE,EPS_low|EPS_high|diluted_shares|reference_multiple|lineage,MISSING_REVENUE_BRIDGE,True,True,False,False,False,False,False,False,False,False,False,MORITA_UNIFIED_FLOW_V3_8_PIT_BAND_RECOVERY_RESEARCH_ONLY
KLAC,KLAC_056,,,,,,,,,,,,,,,,,,,,,,,,,,,,outputs/research_only/anchor_absorption_monitor_v1_1/anchor_absorption_monitor_v1_1_20260711T054001Z/anchor_guidance_snapshots_validated.csv:3,D_UNUSABLE,EPS_low|EPS_high|diluted_shares|reference_multiple|lineage,MISSING_REVENUE_BRIDGE,True,True,False,False,False,False,False,False,False,False,False,MORITA_UNIFIED_FLOW_V3_8_PIT_BAND_RECOVERY_RESEARCH_ONLY
KLAC,KLAC_057,,,,,,,,,,,,,,,,,,,,,,,,,,,,outputs/research_only/anchor_absorption_monitor_v1_1/anchor_absorption_monitor_v1_1_20260711T054001Z/anchor_guidance_snapshots_validated.csv:3,D_UNUSABLE,EPS_low|EPS_high|diluted_shares|reference_multiple|lineage,MISSING_REVENUE_BRIDGE,True,True,False,False,False,False,False,False,False,False,False,MORITA_UNIFIED_FLOW_V3_8_PIT_BAND_RECOVERY_RESEARCH_ONLY
KLAC,KLAC_058,,,,,,,,,,,,,,,,,,,,,,,,,,,,outputs/research_only/anchor_absorption_monitor_v1_1/anchor_absorption_monitor_v1_1_20260711T054001Z/anchor_guidance_snapshots_validated.csv:3,D_UNUSABLE,EPS_low|EPS_high|diluted_shares|reference_multiple|lineage,MISSING_REVENUE_BRIDGE,True,True,False,False,False,False,False,False,False,False,False,MORITA_UNIFIED_FLOW_V3_8_PIT_BAND_RECOVERY_RESEARCH_ONLY
KLAC,KLAC_059,,,,,,,,,,,,,,,,,,,,,,,,,,,,outputs/research_only/anchor_absorption_monitor_v1_1/anchor_absorption_monitor_v1_1_20260711T054001Z/anchor_guidance_snapshots_validated.csv:3,D_UNUSABLE,EPS_low|EPS_high|diluted_shares|reference_multiple|lineage,MISSING_REVENUE_BRIDGE,True,True,False,False,False,False,False,False,False,False,False,MORITA_UNIFIED_FLOW_V3_8_PIT_BAND_RECOVERY_RESEARCH_ONLY
KLAC,KLAC_060,,,,,,,,,,,,,,,,,,,,,,,,,,,,outputs/research_only/anchor_absorption_monitor_v1_1/anchor_absorption_monitor_v1_1_20260711T054001Z/anchor_guidance_snapshots_validated.csv:3,D_UNUSABLE,EPS_low|EPS_high|diluted_shares|reference_multiple|lineage,MISSING_REVENUE_BRIDGE,True,True,False,False,False,False,False,False,False,False,False,MORITA_UNIFIED_FLOW_V3_8_PIT_BAND_RECOVERY_RESEARCH_ONLY
KLAC,KLAC_061,,,,,,,,,,,,,,,,,,,,,,,,,,,,outputs/research_only/anchor_absorption_monitor_v1_1/anchor_absorption_monitor_v1_1_20260711T054001Z/anchor_guidance_snapshots_validated.csv:4,D_UNUSABLE,EPS_low|EPS_high|diluted_shares|reference_multiple|lineage,MISSING_REVENUE_BRIDGE,True,True,False,False,False,False,False,False,False,False,False,MORITA_UNIFIED_FLOW_V3_8_PIT_BAND_RECOVERY_RESEARCH_ONLY
KLAC,KLAC_062,,,,,,,,,,,,,,,,,,,,,,,,,,,,outputs/research_only/anchor_absorption_monitor_v1_1/anchor_absorption_monitor_v1_1_20260711T054001Z/anchor_guidance_snapshots_validated.csv:4,D_UNUSABLE,EPS_low|EPS_high|diluted_shares|reference_multiple|lineage,MISSING_REVENUE_BRIDGE,True,True,False,False,False,False,False,False,False,False,False,MORITA_UNIFIED_FLOW_V3_8_PIT_BAND_RECOVERY_RESEARCH_ONLY
KLAC,KLAC_063,,,,,,,,,,,,,,,,,,,,,,,,,,,,outputs/research_only/anchor_absorption_monitor_v1_1/anchor_absorption_monitor_v1_1_20260711T054001Z/anchor_guidance_snapshots_validated.csv:4,D_UNUSABLE,EPS_low|EPS_high|diluted_shares|reference_multiple|lineage,MISSING_REVENUE_BRIDGE,True,True,False,False,False,False,False,False,False,False,False,MORITA_UNIFIED_FLOW_V3_8_PIT_BAND_RECOVERY_RESEARCH_ONLY
KLAC,KLAC_064,,,,,,,,,,,,,,,,,,,,,,,,,,,,outputs/research_only/anchor_absorption_monitor_v1_1/anchor_absorption_monitor_v1_1_20260711T054001Z/anchor_guidance_snapshots_validated.csv:4,D_UNUSABLE,EPS_low|EPS_high|diluted_shares|reference_multiple|lineage,MISSING_REVENUE_BRIDGE,True,True,False,False,False,False,False,False,False,False,False,MORITA_UNIFIED_FLOW_V3_8_PIT_BAND_RECOVERY_RESEARCH_ONLY
KLAC,KLAC_065,,,,,,,,,,,,,,,,,,,,,,,,,,,,outputs/research_only/anchor_absorption_monitor_v1_1/anchor_absorption_monitor_v1_1_20260711T054001Z/anchor_guidance_snapshots_validated.csv:4,D_UNUSABLE,EPS_low|EPS_high|diluted_shares|reference_multiple|lineage,MISSING_REVENUE_BRIDGE,True,True,False,False,False,False,False,False,False,False,False,MORITA_UNIFIED_FLOW_V3_8_PIT_BAND_RECOVERY_RESEARCH_ONLY
KLAC,KLAC_066,,,,,,,,,,,,,,,,,,,,,,,,,,,,outputs/research_only/anchor_absorption_monitor_v1_1/anchor_absorption_monitor_v1_1_20260711T054001Z/anchor_guidance_snapshots_validated.csv:4,D_UNUSABLE,EPS_low|EPS_high|diluted_shares|reference_multiple|lineage,MISSING_REVENUE_BRIDGE,True,True,False,False,False,False,False,False,False,False,False,MORITA_UNIFIED_FLOW_V3_8_PIT_BAND_RECOVERY_RESEARCH_ONLY
KLAC,KLAC_067,,,,,,,,,,,,,,,,,,,,,,,,,,,,outputs/research_only/anchor_absorption_monitor_v1_1/anchor_absorption_monitor_v1_1_20260711T054001Z/anchor_guidance_snapshots_validated.csv:5,D_UNUSABLE,EPS_low|EPS_high|diluted_shares|reference_multiple|lineage,MISSING_REVENUE_BRIDGE,True,True,False,False,False,False,False,False,False,False,False,MORITA_UNIFIED_FLOW_V3_8_PIT_BAND_RECOVERY_RESEARCH_ONLY
KLAC,KLAC_068,,,,,,,,,,,,,,,,,,,,,,,,,,,,outputs/research_only/anchor_absorption_monitor_v1_1/anchor_absorption_monitor_v1_1_20260711T054001Z/anchor_guidance_snapshots_validated.csv:5,D_UNUSABLE,EPS_low|EPS_high|diluted_shares|reference_multiple|lineage,MISSING_REVENUE_BRIDGE,True,True,False,False,False,False,False,False,False,False,False,MORITA_UNIFIED_FLOW_V3_8_PIT_BAND_RECOVERY_RESEARCH_ONLY
KLAC,KLAC_069,,,,,,,,,,,,,,,,,,,,,,,,,,,,outputs/research_only/anchor_absorption_monitor_v1_1/anchor_absorption_monitor_v1_1_20260711T054001Z/anchor_guidance_snapshots_validated.csv:5,D_UNUSABLE,EPS_low|EPS_high|diluted_shares|reference_multiple|lineage,MISSING_REVENUE_BRIDGE,True,True,False,False,False,False,False,False,False,False,False,MORITA_UNIFIED_FLOW_V3_8_PIT_BAND_RECOVERY_RESEARCH_ONLY
KLAC,KLAC_070,,,,,,,,,,,,,,,,,,,,,,,,,,,,outputs/research_only/anchor_absorption_monitor_v1_1/anchor_absorption_monitor_v1_1_20260711T054001Z/anchor_guidance_snapshots_validated.csv:5,D_UNUSABLE,EPS_low|EPS_high|diluted_shares|reference_multiple|lineage,MISSING_REVENUE_BRIDGE,True,True,False,False,False,False,False,False,False,False,False,MORITA_UNIFIED_FLOW_V3_8_PIT_BAND_RECOVERY_RESEARCH_ONLY
KLAC,KLAC_071,,,,,,,,,,,,,,,,,,,,,,,,,,,,outputs/research_only/anchor_absorption_monitor_v1_1/anchor_absorption_monitor_v1_1_20260711T054001Z/anchor_guidance_snapshots_validated.csv:5,D_UNUSABLE,EPS_low|EPS_high|diluted_shares|reference_multiple|lineage,MISSING_REVENUE_BRIDGE,True,True,False,False,False,False,False,False,False,False,False,MORITA_UNIFIED_FLOW_V3_8_PIT_BAND_RECOVERY_RESEARCH_ONLY
KLAC,KLAC_072,,,,,,,,,,,,,,,,,,,,,,,,,,,,outputs/research_only/anchor_absorption_monitor_v1_1/anchor_absorption_monitor_v1_1_20260711T054001Z/anchor_guidance_snapshots_validated.csv:5,D_UNUSABLE,EPS_low|EPS_high|diluted_shares|reference_multiple|lineage,MISSING_REVENUE_BRIDGE,True,True,False,False,False,False,False,False,False,False,False,MORITA_UNIFIED_FLOW_V3_8_PIT_BAND_RECOVERY_RESEARCH_ONLY
LRCX,LRCX_073,,,,,,,,,,,,,,,,,,,,,,,,,,,,outputs/research_only/anchor_absorption_monitor_v1_1/anchor_absorption_monitor_v1_1_20260711T054001Z/anchor_guidance_snapshots_validated.csv:6,D_UNUSABLE,EPS_low|EPS_high|diluted_shares|reference_multiple|lineage,MISSING_REVENUE_BRIDGE,True,True,False,False,False,False,False,False,False,False,False,MORITA_UNIFIED_FLOW_V3_8_PIT_BAND_RECOVERY_RESEARCH_ONLY
LRCX,LRCX_074,,,,,,,,,,,,,,,,,,,,,,,,,,,,outputs/research_only/anchor_absorption_monitor_v1_1/anchor_absorption_monitor_v1_1_20260711T054001Z/anchor_guidance_snapshots_validated.csv:6,D_UNUSABLE,EPS_low|EPS_high|diluted_shares|reference_multiple|lineage,MISSING_REVENUE_BRIDGE,True,True,False,False,False,False,False,False,False,False,False,MORITA_UNIFIED_FLOW_V3_8_PIT_BAND_RECOVERY_RESEARCH_ONLY
LRCX,LRCX_075,,,,,,,,,,,,,,,,,,,,,,,,,,,,outputs/research_only/anchor_absorption_monitor_v1_1/anchor_absorption_monitor_v1_1_20260711T054001Z/anchor_guidance_snapshots_validated.csv:6,D_UNUSABLE,EPS_low|EPS_high|diluted_shares|reference_multiple|lineage,MISSING_REVENUE_BRIDGE,True,True,False,False,False,False,False,False,False,False,False,MORITA_UNIFIED_FLOW_V3_8_PIT_BAND_RECOVERY_RESEARCH_ONLY
LRCX,LRCX_076,,,,,,,,,,,,,,,,,,,,,,,,,,,,outputs/research_only/anchor_absorption_monitor_v1_1/anchor_absorption_monitor_v1_1_20260711T054001Z/anchor_guidance_snapshots_validated.csv:6,D_UNUSABLE,EPS_low|EPS_high|diluted_shares|reference_multiple|lineage,MISSING_REVENUE_BRIDGE,True,True,False,False,False,False,False,False,False,False,False,MORITA_UNIFIED_FLOW_V3_8_PIT_BAND_RECOVERY_RESEARCH_ONLY
LRCX,LRCX_077,,,,,,,,,,,,,,,,,,,,,,,,,,,,outputs/research_only/anchor_absorption_monitor_v1_1/anchor_absorption_monitor_v1_1_20260711T054001Z/anchor_guidance_snapshots_validated.csv:6,D_UNUSABLE,EPS_low|EPS_high|diluted_shares|reference_multiple|lineage,MISSING_REVENUE_BRIDGE,True,True,False,False,False,False,False,False,False,False,False,MORITA_UNIFIED_FLOW_V3_8_PIT_BAND_RECOVERY_RESEARCH_ONLY
LRCX,LRCX_078,,,,,,,,,,,,,,,,,,,,,,,,,,,,outputs/research_only/anchor_absorption_monitor_v1_1/anchor_absorption_monitor_v1_1_20260711T054001Z/anchor_guidance_snapshots_validated.csv:7,D_UNUSABLE,EPS_low|EPS_high|diluted_shares|reference_multiple|lineage,MISSING_REVENUE_BRIDGE,True,True,False,False,False,False,False,False,False,False,False,MORITA_UNIFIED_FLOW_V3_8_PIT_BAND_RECOVERY_RESEARCH_ONLY
LRCX,LRCX_079,,,,,,,,,,,,,,,,,,,,,,,,,,,,outputs/research_only/anchor_absorption_monitor_v1_1/anchor_absorption_monitor_v1_1_20260711T054001Z/anchor_guidance_snapshots_validated.csv:7,D_UNUSABLE,EPS_low|EPS_high|diluted_shares|reference_multiple|lineage,MISSING_REVENUE_BRIDGE,True,True,False,False,False,False,False,False,False,False,False,MORITA_UNIFIED_FLOW_V3_8_PIT_BAND_RECOVERY_RESEARCH_ONLY
LRCX,LRCX_080,,,,,,,,,,,,,,,,,,,,,,,,,,,,outputs/research_only/anchor_absorption_monitor_v1_1/anchor_absorption_monitor_v1_1_20260711T054001Z/anchor_guidance_snapshots_validated.csv:7,D_UNUSABLE,EPS_low|EPS_high|diluted_shares|reference_multiple|lineage,MISSING_REVENUE_BRIDGE,True,True,False,False,False,False,False,False,False,False,False,MORITA_UNIFIED_FLOW_V3_8_PIT_BAND_RECOVERY_RESEARCH_ONLY
LRCX,LRCX_081,,,,,,,,,,,,,,,,,,,,,,,,,,,,outputs/research_only/anchor_absorption_monitor_v1_1/anchor_absorption_monitor_v1_1_20260711T054001Z/anchor_guidance_snapshots_validated.csv:7,D_UNUSABLE,EPS_low|EPS_high|diluted_shares|reference_multiple|lineage,MISSING_REVENUE_BRIDGE,True,True,False,False,False,False,False,False,False,False,False,MORITA_UNIFIED_FLOW_V3_8_PIT_BAND_RECOVERY_RESEARCH_ONLY
LRCX,LRCX_082,,,,,,,,,,,,,,,,,,,,,,,,,,,,outputs/research_only/anchor_absorption_monitor_v1_1/anchor_absorption_monitor_v1_1_20260711T054001Z/anchor_guidance_snapshots_validated.csv:7,D_UNUSABLE,EPS_low|EPS_high|diluted_shares|reference_multiple|lineage,MISSING_REVENUE_BRIDGE,True,True,False,False,False,False,False,False,False,False,False,MORITA_UNIFIED_FLOW_V3_8_PIT_BAND_RECOVERY_RESEARCH_ONLY
LRCX,LRCX_083,,,,,,,,,,,,,,,,,,,,,,,,,,,,outputs/research_only/anchor_absorption_monitor_v1_1/anchor_absorption_monitor_v1_1_20260711T054001Z/anchor_guidance_snapshots_validated.csv:8,D_UNUSABLE,EPS_low|EPS_high|diluted_shares|reference_multiple|lineage,MISSING_REVENUE_BRIDGE,True,True,False,False,False,False,False,False,False,False,False,MORITA_UNIFIED_FLOW_V3_8_PIT_BAND_RECOVERY_RESEARCH_ONLY
LRCX,LRCX_084,,,,,,,,,,,,,,,,,,,,,,,,,,,,outputs/research_only/anchor_absorption_monitor_v1_1/anchor_absorption_monitor_v1_1_20260711T054001Z/anchor_guidance_snapshots_validated.csv:8,D_UNUSABLE,EPS_low|EPS_high|diluted_shares|reference_multiple|lineage,MISSING_REVENUE_BRIDGE,True,True,False,False,False,False,False,False,False,False,False,MORITA_UNIFIED_FLOW_V3_8_PIT_BAND_RECOVERY_RESEARCH_ONLY
LRCX,LRCX_085,,,,,,,,,,,,,,,,,,,,,,,,,,,,outputs/research_only/anchor_absorption_monitor_v1_1/anchor_absorption_monitor_v1_1_20260711T054001Z/anchor_guidance_snapshots_validated.csv:8,D_UNUSABLE,EPS_low|EPS_high|diluted_shares|reference_multiple|lineage,MISSING_REVENUE_BRIDGE,True,True,False,False,False,False,False,False,False,False,False,MORITA_UNIFIED_FLOW_V3_8_PIT_BAND_RECOVERY_RESEARCH_ONLY
LRCX,LRCX_086,,,,,,,,,,,,,,,,,,,,,,,,,,,,outputs/research_only/anchor_absorption_monitor_v1_1/anchor_absorption_monitor_v1_1_20260711T054001Z/anchor_guidance_snapshots_validated.csv:8,D_UNUSABLE,EPS_low|EPS_high|diluted_shares|reference_multiple|lineage,MISSING_REVENUE_BRIDGE,True,True,False,False,False,False,False,False,False,False,False,MORITA_UNIFIED_FLOW_V3_8_PIT_BAND_RECOVERY_RESEARCH_ONLY
LRCX,LRCX_087,,,,,,,,,,,,,,,,,,,,,,,,,,,,outputs/research_only/anchor_absorption_monitor_v1_1/anchor_absorption_monitor_v1_1_20260711T054001Z/anchor_guidance_snapshots_validated.csv:8,D_UNUSABLE,EPS_low|EPS_high|diluted_shares|reference_multiple|lineage,MISSING_REVENUE_BRIDGE,True,True,False,False,False,False,False,False,False,False,False,MORITA_UNIFIED_FLOW_V3_8_PIT_BAND_RECOVERY_RESEARCH_ONLY
MKSI,MKSI_088,,,,,,,,,,,,,,,,,,,,,,,,,,,,outputs/research_only/anchor_absorption_monitor_v1_1/anchor_absorption_monitor_v1_1_20260711T054001Z/anchor_guidance_snapshots_validated.csv:9,D_UNUSABLE,EPS_low|EPS_high|diluted_shares|reference_multiple|lineage,MISSING_REVENUE_BRIDGE,True,True,False,False,False,False,False,False,False,False,False,MORITA_UNIFIED_FLOW_V3_8_PIT_BAND_RECOVERY_RESEARCH_ONLY
MKSI,MKSI_089,,,,,,,,,,,,,,,,,,,,,,,,,,,,outputs/research_only/anchor_absorption_monitor_v1_1/anchor_absorption_monitor_v1_1_20260711T054001Z/anchor_guidance_snapshots_validated.csv:9,D_UNUSABLE,EPS_low|EPS_high|diluted_shares|reference_multiple|lineage,MISSING_REVENUE_BRIDGE,True,True,False,False,False,False,False,False,False,False,False,MORITA_UNIFIED_FLOW_V3_8_PIT_BAND_RECOVERY_RESEARCH_ONLY
MKSI,MKSI_090,,,,,,,,,,,,,,,,,,,,,,,,,,,,outputs/research_only/anchor_absorption_monitor_v1_1/anchor_absorption_monitor_v1_1_20260711T054001Z/anchor_guidance_snapshots_validated.csv:9,D_UNUSABLE,EPS_low|EPS_high|diluted_shares|reference_multiple|lineage,MISSING_REVENUE_BRIDGE,True,True,False,False,False,False,False,False,False,False,False,MORITA_UNIFIED_FLOW_V3_8_PIT_BAND_RECOVERY_RESEARCH_ONLY
MKSI,MKSI_091,,,,,,,,,,,,,,,,,,,,,,,,,,,,outputs/research_only/anchor_absorption_monitor_v1_1/anchor_absorption_monitor_v1_1_20260711T054001Z/anchor_guidance_snapshots_validated.csv:9,D_UNUSABLE,EPS_low|EPS_high|diluted_shares|reference_multiple|lineage,MISSING_REVENUE_BRIDGE,True,True,False,False,False,False,False,False,False,False,False,MORITA_UNIFIED_FLOW_V3_8_PIT_BAND_RECOVERY_RESEARCH_ONLY
MKSI,MKSI_092,,,,,,,,,,,,,,,,,,,,,,,,,,,,outputs/research_only/anchor_absorption_monitor_v1_1/anchor_absorption_monitor_v1_1_20260711T054001Z/anchor_guidance_snapshots_validated.csv:9,D_UNUSABLE,EPS_low|EPS_high|diluted_shares|reference_multiple|lineage,MISSING_REVENUE_BRIDGE,True,True,False,False,False,False,False,False,False,False,False,MORITA_UNIFIED_FLOW_V3_8_PIT_BAND_RECOVERY_RESEARCH_ONLY
MKSI,MKSI_093,,,,,,,,,,,,,,,,,,,,,,,,,,,,outputs/research_only/anchor_absorption_monitor_v1_1/anchor_absorption_monitor_v1_1_20260711T054001Z/anchor_guidance_snapshots_validated.csv:9,D_UNUSABLE,EPS_low|EPS_high|diluted_shares|reference_multiple|lineage,MISSING_REVENUE_BRIDGE,True,True,False,False,False,False,False,False,False,False,False,MORITA_UNIFIED_FLOW_V3_8_PIT_BAND_RECOVERY_RESEARCH_ONLY
MKSI,MKSI_094,,,,,,,,,,,,,,,,,,,,,,,,,,,,outputs/research_only/anchor_absorption_monitor_v1_1/anchor_absorption_monitor_v1_1_20260711T054001Z/anchor_guidance_snapshots_validated.csv:10,D_UNUSABLE,EPS_low|EPS_high|diluted_shares|reference_multiple|lineage,MISSING_REVENUE_BRIDGE,True,True,False,False,False,False,False,False,False,False,False,MORITA_UNIFIED_FLOW_V3_8_PIT_BAND_RECOVERY_RESEARCH_ONLY
MKSI,MKSI_095,,,,,,,,,,,,,,,,,,,,,,,,,,,,outputs/research_only/anchor_absorption_monitor_v1_1/anchor_absorption_monitor_v1_1_20260711T054001Z/anchor_guidance_snapshots_validated.csv:10,D_UNUSABLE,EPS_low|EPS_high|diluted_shares|reference_multiple|lineage,MISSING_REVENUE_BRIDGE,True,True,False,False,False,False,False,False,False,False,False,MORITA_UNIFIED_FLOW_V3_8_PIT_BAND_RECOVERY_RESEARCH_ONLY
MKSI,MKSI_096,,,,,,,,,,,,,,,,,,,,,,,,,,,,outputs/research_only/anchor_absorption_monitor_v1_1/anchor_absorption_monitor_v1_1_20260711T054001Z/anchor_guidance_snapshots_validated.csv:10,D_UNUSABLE,EPS_low|EPS_high|diluted_shares|reference_multiple|lineage,MISSING_REVENUE_BRIDGE,True,True,False,False,False,False,False,False,False,False,False,MORITA_UNIFIED_FLOW_V3_8_PIT_BAND_RECOVERY_RESEARCH_ONLY
MKSI,MKSI_097,,,,,,,,,,,,,,,,,,,,,,,,,,,,outputs/research_only/anchor_absorption_monitor_v1_1/anchor_absorption_monitor_v1_1_20260711T054001Z/anchor_guidance_snapshots_validated.csv:10,D_UNUSABLE,EPS_low|EPS_high|diluted_shares|reference_multiple|lineage,MISSING_REVENUE_BRIDGE,True,True,False,False,False,False,False,False,False,False,False,MORITA_UNIFIED_FLOW_V3_8_PIT_BAND_RECOVERY_RESEARCH_ONLY
MKSI,MKSI_098,,,,,,,,,,,,,,,,,,,,,,,,,,,,outputs/research_only/anchor_absorption_monitor_v1_1/anchor_absorption_monitor_v1_1_20260711T054001Z/anchor_guidance_snapshots_validated.csv:10,D_UNUSABLE,EPS_low|EPS_high|diluted_shares|reference_multiple|lineage,MISSING_REVENUE_BRIDGE,True,True,False,False,False,False,False,False,False,False,False,MORITA_UNIFIED_FLOW_V3_8_PIT_BAND_RECOVERY_RESEARCH_ONLY
MKSI,MKSI_099,,,,,,,,,,,,,,,,,,,,,,,,,,,,outputs/research_only/anchor_absorption_monitor_v1_1/anchor_absorption_monitor_v1_1_20260711T054001Z/anchor_guidance_snapshots_validated.csv:10,D_UNUSABLE,EPS_low|EPS_high|diluted_shares|reference_multiple|lineage,MISSING_REVENUE_BRIDGE,True,True,False,False,False,False,False,False,False,False,False,MORITA_UNIFIED_FLOW_V3_8_PIT_BAND_RECOVERY_RESEARCH_ONLY
MKSI,MKSI_100,,,,,,,,,,,,,,,,,,,,,,,,,,,,outputs/research_only/anchor_absorption_monitor_v1_1/anchor_absorption_monitor_v1_1_20260711T054001Z/anchor_guidance_snapshots_validated.csv:11,D_UNUSABLE,EPS_low|EPS_high|diluted_shares|reference_multiple|lineage,MISSING_REVENUE_BRIDGE,True,True,False,False,False,False,False,False,False,False,False,MORITA_UNIFIED_FLOW_V3_8_PIT_BAND_RECOVERY_RESEARCH_ONLY
MKSI,MKSI_101,,,,,,,,,,,,,,,,,,,,,,,,,,,,outputs/research_only/anchor_absorption_monitor_v1_1/anchor_absorption_monitor_v1_1_20260711T054001Z/anchor_guidance_snapshots_validated.csv:11,D_UNUSABLE,EPS_low|EPS_high|diluted_shares|reference_multiple|lineage,MISSING_REVENUE_BRIDGE,True,True,False,False,False,False,False,False,False,False,False,MORITA_UNIFIED_FLOW_V3_8_PIT_BAND_RECOVERY_RESEARCH_ONLY
MKSI,MKSI_102,,,,,,,,,,,,,,,,,,,,,,,,,,,,outputs/research_only/anchor_absorption_monitor_v1_1/anchor_absorption_monitor_v1_1_20260711T054001Z/anchor_guidance_snapshots_validated.csv:11,D_UNUSABLE,EPS_low|EPS_high|diluted_shares|reference_multiple|lineage,MISSING_REVENUE_BRIDGE,True,True,False,False,False,False,False,False,False,False,False,MORITA_UNIFIED_FLOW_V3_8_PIT_BAND_RECOVERY_RESEARCH_ONLY
MKSI,MKSI_103,,,,,,,,,,,,,,,,,,,,,,,,,,,,outputs/research_only/anchor_absorption_monitor_v1_1/anchor_absorption_monitor_v1_1_20260711T054001Z/anchor_guidance_snapshots_validated.csv:11,D_UNUSABLE,EPS_low|EPS_high|diluted_shares|reference_multiple|lineage,MISSING_REVENUE_BRIDGE,True,True,False,False,False,False,False,False,False,False,False,MORITA_UNIFIED_FLOW_V3_8_PIT_BAND_RECOVERY_RESEARCH_ONLY
MKSI,MKSI_104,,,,,,,,,,,,,,,,,,,,,,,,,,,,outputs/research_only/anchor_absorption_monitor_v1_1/anchor_absorption_monitor_v1_1_20260711T054001Z/anchor_guidance_snapshots_validated.csv:11,D_UNUSABLE,EPS_low|EPS_high|diluted_shares|reference_multiple|lineage,MISSING_REVENUE_BRIDGE,True,True,False,False,False,False,False,False,False,False,False,MORITA_UNIFIED_FLOW_V3_8_PIT_BAND_RECOVERY_RESEARCH_ONLY
MKSI,MKSI_105,,,,,,,,,,,,,,,,,,,,,,,,,,,,outputs/research_only/anchor_absorption_monitor_v1_1/anchor_absorption_monitor_v1_1_20260711T054001Z/anchor_guidance_snapshots_validated.csv:11,D_UNUSABLE,EPS_low|EPS_high|diluted_shares|reference_multiple|lineage,MISSING_REVENUE_BRIDGE,True,True,False,False,False,False,False,False,False,False,False,MORITA_UNIFIED_FLOW_V3_8_PIT_BAND_RECOVERY_RESEARCH_ONLY
LRCX,LRCX_106,2025-11-03,,2025-11-03,,,,,,,,,,,,,,,,,,,,,,,,,outputs/research_only/anchor_absorption_monitor_v1_5/anchor_absorption_monitor_v1_5_20260711T075143Z/guidance_zone_sensitivity_diagnostic.csv:0,D_UNUSABLE,EPS_low|EPS_high|diluted_shares|reference_multiple|lineage,MISSING_REVENUE_BRIDGE,True,True,False,False,False,False,False,False,False,False,False,MORITA_UNIFIED_FLOW_V3_8_PIT_BAND_RECOVERY_RESEARCH_ONLY
KLAC,KLAC_107,,,,,,,,,,,,,,,,,,,,,,,,,,,,outputs/research_only/anchor_absorption_monitor_v1_7/anchor_absorption_monitor_v1_7_20260711T085810Z/official_guidance_point_in_time.csv:6,D_UNUSABLE,EPS_low|EPS_high|diluted_shares|reference_multiple|lineage,MISSING_REVENUE_BRIDGE,True,True,False,False,False,False,False,False,False,False,False,MORITA_UNIFIED_FLOW_V3_8_PIT_BAND_RECOVERY_RESEARCH_ONLY
KLAC,KLAC_108,,,,,,,,,,,,,,,,,,,,,,,,,,,,outputs/research_only/anchor_absorption_monitor_v1_7/anchor_absorption_monitor_v1_7_20260711T085810Z/official_guidance_point_in_time.csv:6,D_UNUSABLE,EPS_low|EPS_high|diluted_shares|reference_multiple|lineage,MISSING_REVENUE_BRIDGE,True,True,False,False,False,False,False,False,False,False,False,MORITA_UNIFIED_FLOW_V3_8_PIT_BAND_RECOVERY_RESEARCH_ONLY
KLAC,KLAC_109,,,,,,,,,,,,,,,,,,,,,,,,,,,,outputs/research_only/anchor_absorption_monitor_v1_7/anchor_absorption_monitor_v1_7_20260711T085810Z/official_guidance_point_in_time.csv:6,D_UNUSABLE,EPS_low|EPS_high|diluted_shares|reference_multiple|lineage,MISSING_REVENUE_BRIDGE,True,True,False,False,False,False,False,False,False,False,False,MORITA_UNIFIED_FLOW_V3_8_PIT_BAND_RECOVERY_RESEARCH_ONLY
KLAC,KLAC_110,,,,,,,,,,,,,,,,,,,,,,,,,,,,outputs/research_only/anchor_absorption_monitor_v1_7/anchor_absorption_monitor_v1_7_20260711T085810Z/official_guidance_point_in_time.csv:6,D_UNUSABLE,EPS_low|EPS_high|diluted_shares|reference_multiple|lineage,MISSING_REVENUE_BRIDGE,True,True,False,False,False,False,False,False,False,False,False,MORITA_UNIFIED_FLOW_V3_8_PIT_BAND_RECOVERY_RESEARCH_ONLY
KLAC,KLAC_111,,,,,,,,,,,,,,,,,,,,,,,,,,,,outputs/research_only/anchor_absorption_monitor_v1_7/anchor_absorption_monitor_v1_7_20260711T085810Z/official_guidance_point_in_time.csv:6,D_UNUSABLE,EPS_low|EPS_high|diluted_shares|reference_multiple|lineage,MISSING_REVENUE_BRIDGE,True,True,False,False,False,False,False,False,False,False,False,MORITA_UNIFIED_FLOW_V3_8_PIT_BAND_RECOVERY_RESEARCH_ONLY
KLAC,KLAC_112,,,,,,,,,,,,,,,,,,,,,,,,,,,,outputs/research_only/anchor_absorption_monitor_v1_7/anchor_absorption_monitor_v1_7_20260711T085810Z/official_guidance_point_in_time.csv:6,D_UNUSABLE,EPS_low|EPS_high|diluted_shares|reference_multiple|lineage,MISSING_REVENUE_BRIDGE,True,True,False,False,False,False,False,False,False,False,False,MORITA_UNIFIED_FLOW_V3_8_PIT_BAND_RECOVERY_RESEARCH_ONLY
TER,TER_113,,,,,,,,,,,,,,,,,,,,,,,,,,,,outputs/research_only/morita_historical_pit_evidence_v1_0/20260712T161905Z/pit_guidance_event_inventory.csv:254,D_UNUSABLE,EPS_low|EPS_high|diluted_shares|reference_multiple|lineage,MISSING_REVENUE_BRIDGE,True,True,False,False,False,False,False,False,False,False,False,MORITA_UNIFIED_FLOW_V3_8_PIT_BAND_RECOVERY_RESEARCH_ONLY
TER,TER_114,,,,,,,,,,,,,,,,,,,,,,,,,,,,outputs/research_only/morita_historical_pit_evidence_v1_0/20260712T161905Z/pit_guidance_event_inventory.csv:254,D_UNUSABLE,EPS_low|EPS_high|diluted_shares|reference_multiple|lineage,MISSING_REVENUE_BRIDGE,True,True,False,False,False,False,False,False,False,False,False,MORITA_UNIFIED_FLOW_V3_8_PIT_BAND_RECOVERY_RESEARCH_ONLY
WDC,WDC_115,,,,,,,,,,,,,,,,,,,,,,,,,,,,outputs/research_only/morita_historical_pit_evidence_v1_0/20260712T161905Z/valuation_field_lineage.csv:1209,D_UNUSABLE,EPS_low|EPS_high|diluted_shares|reference_multiple|lineage,MISSING_REVENUE_BRIDGE,True,True,False,False,False,False,False,False,False,False,False,MORITA_UNIFIED_FLOW_V3_8_PIT_BAND_RECOVERY_RESEARCH_ONLY
WDC,WDC_116,,,,,,,,,,,,,,,,,,,,,,,,,,,,outputs/research_only/morita_historical_pit_evidence_v1_0/20260712T161905Z/valuation_field_lineage.csv:1209,D_UNUSABLE,EPS_low|EPS_high|diluted_shares|reference_multiple|lineage,MISSING_REVENUE_BRIDGE,True,True,False,False,False,False,False,False,False,False,False,MORITA_UNIFIED_FLOW_V3_8_PIT_BAND_RECOVERY_RESEARCH_ONLY
WDC,WDC_117,,,,,,,,,,,,,,,,,,,,,,,,,,,,outputs/research_only/morita_historical_pit_evidence_v1_1/20260712T174155Z/core_pit_guidance_events.csv:22,D_UNUSABLE,EPS_low|EPS_high|diluted_shares|reference_multiple|lineage,MISSING_REVENUE_BRIDGE,True,True,False,False,False,False,False,False,False,False,False,MORITA_UNIFIED_FLOW_V3_8_PIT_BAND_RECOVERY_RESEARCH_ONLY
WDC,WDC_118,,,,,,,,,,,,,,,,,,,,,,,,,,,,outputs/research_only/morita_historical_pit_evidence_v1_1/20260712T174155Z/core_pit_guidance_events.csv:22,D_UNUSABLE,EPS_low|EPS_high|diluted_shares|reference_multiple|lineage,MISSING_REVENUE_BRIDGE,True,True,False,False,False,False,False,False,False,False,False,MORITA_UNIFIED_FLOW_V3_8_PIT_BAND_RECOVERY_RESEARCH_ONLY
LRCX,LRCX_119,,,,,,,,,,,,,,,,,,,,,,,,,,,,outputs/research_only/morita_historical_pit_evidence_v1_1/20260712T174155Z/core_pit_guidance_events.csv:23,D_UNUSABLE,EPS_low|EPS_high|diluted_shares|reference_multiple|lineage,MISSING_REVENUE_BRIDGE,True,True,False,False,False,False,False,False,False,False,False,MORITA_UNIFIED_FLOW_V3_8_PIT_BAND_RECOVERY_RESEARCH_ONLY
LRCX,LRCX_120,,,,,,,,,,,,,,,,,,,,,,,,,,,,outputs/research_only/morita_historical_pit_evidence_v1_1/20260712T174155Z/core_pit_guidance_events.csv:23,D_UNUSABLE,EPS_low|EPS_high|diluted_shares|reference_multiple|lineage,MISSING_REVENUE_BRIDGE,True,True,False,False,False,False,False,False,False,False,False,MORITA_UNIFIED_FLOW_V3_8_PIT_BAND_RECOVERY_RESEARCH_ONLY
LRCX,LRCX_121,,,,,,,,,,,,,,,,,,,,,,,,,,,,outputs/research_only/morita_historical_pit_evidence_v1_1/20260712T174155Z/core_pit_guidance_events.csv:23,D_UNUSABLE,EPS_low|EPS_high|diluted_shares|reference_multiple|lineage,MISSING_REVENUE_BRIDGE,True,True,False,False,False,False,False,False,False,False,False,MORITA_UNIFIED_FLOW_V3_8_PIT_BAND_RECOVERY_RESEARCH_ONLY
LRCX,LRCX_122,,,,,,,,,,,,,,,,,,,,,,,,,,,,outputs/research_only/morita_historical_pit_evidence_v1_1/20260712T174155Z/core_pit_guidance_events.csv:23,D_UNUSABLE,EPS_low|EPS_high|diluted_shares|reference_multiple|lineage,MISSING_REVENUE_BRIDGE,True,True,False,False,False,False,False,False,False,False,False,MORITA_UNIFIED_FLOW_V3_8_PIT_BAND_RECOVERY_RESEARCH_ONLY
LRCX,LRCX_123,,,,,,,,,,,,,,,,,,,,,,,,,,,,outputs/research_only/morita_historical_pit_evidence_v1_1/20260712T174155Z/core_pit_guidance_events.csv:23,D_UNUSABLE,EPS_low|EPS_high|diluted_shares|reference_multiple|lineage,MISSING_REVENUE_BRIDGE,True,True,False,False,False,False,False,False,False,False,False,MORITA_UNIFIED_FLOW_V3_8_PIT_BAND_RECOVERY_RESEARCH_ONLY
AMAT,AMAT_124,,,,,,,,,,,,,,,,,,,,,,,,,,,,outputs/research_only/morita_historical_pit_evidence_v1_1/20260712T174155Z/core_pit_guidance_events.csv:24,D_UNUSABLE,EPS_low|EPS_high|diluted_shares|reference_multiple|lineage,MISSING_REVENUE_BRIDGE,True,True,False,False,False,False,False,False,False,False,False,MORITA_UNIFIED_FLOW_V3_8_PIT_BAND_RECOVERY_RESEARCH_ONLY
AMAT,AMAT_125,,,,,,,,,,,,,,,,,,,,,,,,,,,,outputs/research_only/morita_historical_pit_evidence_v1_1/20260712T174155Z/core_pit_guidance_events.csv:24,D_UNUSABLE,EPS_low|EPS_high|diluted_shares|reference_multiple|lineage,MISSING_REVENUE_BRIDGE,True,True,False,False,False,False,False,False,False,False,False,MORITA_UNIFIED_FLOW_V3_8_PIT_BAND_RECOVERY_RESEARCH_ONLY
AMAT,AMAT_126,,,,,,,,,,,,,,,,,,,,,,,,,,,,outputs/research_only/morita_historical_pit_evidence_v1_1/20260712T174155Z/core_pit_guidance_events.csv:24,D_UNUSABLE,EPS_low|EPS_high|diluted_shares|reference_multiple|lineage,MISSING_REVENUE_BRIDGE,True,True,False,False,False,False,False,False,False,False,False,MORITA_UNIFIED_FLOW_V3_8_PIT_BAND_RECOVERY_RESEARCH_ONLY
AMAT,AMAT_127,,,,,,,,,,,,,,,,,,,,,,,,,,,,outputs/research_only/morita_historical_pit_evidence_v1_1/20260712T174155Z/core_pit_guidance_events.csv:24,D_UNUSABLE,EPS_low|EPS_high|diluted_shares|reference_multiple|lineage,MISSING_REVENUE_BRIDGE,True,True,False,False,False,False,False,False,False,False,False,MORITA_UNIFIED_FLOW_V3_8_PIT_BAND_RECOVERY_RESEARCH_ONLY
AMAT,AMAT_128,,,,,,,,,,,,,,,,,,,,,,,,,,,,outputs/research_only/morita_historical_pit_evidence_v1_1/20260712T174155Z/core_pit_guidance_events.csv:24,D_UNUSABLE,EPS_low|EPS_high|diluted_shares|reference_multiple|lineage,MISSING_REVENUE_BRIDGE,True,True,False,False,False,False,False,False,False,False,False,MORITA_UNIFIED_FLOW_V3_8_PIT_BAND_RECOVERY_RESEARCH_ONLY
AMAT,AMAT_129,,,,,,,,,,,,,,,,,,,,,,,,,,,,outputs/research_only/morita_historical_pit_evidence_v1_1/20260712T174155Z/core_pit_guidance_events.csv:24,D_UNUSABLE,EPS_low|EPS_high|diluted_shares|reference_multiple|lineage,MISSING_REVENUE_BRIDGE,True,True,False,False,False,False,False,False,False,False,False,MORITA_UNIFIED_FLOW_V3_8_PIT_BAND_RECOVERY_RESEARCH_ONLY
KLAC,KLAC_130,,,,,,,,,,,,,,,,,,,,,,,,,,,,outputs/research_only/morita_historical_pit_evidence_v1_1/20260712T174155Z/core_pit_guidance_events.csv:25,D_UNUSABLE,EPS_low|EPS_high|diluted_shares|reference_multiple|lineage,MISSING_REVENUE_BRIDGE,True,True,False,False,False,False,False,False,False,False,False,MORITA_UNIFIED_FLOW_V3_8_PIT_BAND_RECOVERY_RESEARCH_ONLY
KLAC,KLAC_131,,,,,,,,,,,,,,,,,,,,,,,,,,,,outputs/research_only/morita_historical_pit_evidence_v1_1/20260712T174155Z/core_pit_guidance_events.csv:25,D_UNUSABLE,EPS_low|EPS_high|diluted_shares|reference_multiple|lineage,MISSING_REVENUE_BRIDGE,True,True,False,False,False,False,False,False,False,False,False,MORITA_UNIFIED_FLOW_V3_8_PIT_BAND_RECOVERY_RESEARCH_ONLY
KLAC,KLAC_132,,,,,,,,,,,,,,,,,,,,,,,,,,,,outputs/research_only/morita_historical_pit_evidence_v1_1/20260712T174155Z/core_pit_guidance_events.csv:25,D_UNUSABLE,EPS_low|EPS_high|diluted_shares|reference_multiple|lineage,MISSING_REVENUE_BRIDGE,True,True,False,False,False,False,False,False,False,False,False,MORITA_UNIFIED_FLOW_V3_8_PIT_BAND_RECOVERY_RESEARCH_ONLY
KLAC,KLAC_133,,,,,,,,,,,,,,,,,,,,,,,,,,,,outputs/research_only/morita_historical_pit_evidence_v1_1/20260712T174155Z/core_pit_guidance_events.csv:25,D_UNUSABLE,EPS_low|EPS_high|diluted_shares|reference_multiple|lineage,MISSING_REVENUE_BRIDGE,True,True,False,False,False,False,False,False,False,False,False,MORITA_UNIFIED_FLOW_V3_8_PIT_BAND_RECOVERY_RESEARCH_ONLY
KLAC,KLAC_134,,,,,,,,,,,,,,,,,,,,,,,,,,,,outputs/research_only/morita_historical_pit_evidence_v1_1/20260712T174155Z/core_pit_guidance_events.csv:25,D_UNUSABLE,EPS_low|EPS_high|diluted_shares|reference_multiple|lineage,MISSING_REVENUE_BRIDGE,True,True,False,False,False,False,False,False,False,False,False,MORITA_UNIFIED_FLOW_V3_8_PIT_BAND_RECOVERY_RESEARCH_ONLY
KLAC,KLAC_135,,,,,,,,,,,,,,,,,,,,,,,,,,,,outputs/research_only/morita_historical_pit_evidence_v1_1/20260712T174155Z/core_pit_guidance_events.csv:25,D_UNUSABLE,EPS_low|EPS_high|diluted_shares|reference_multiple|lineage,MISSING_REVENUE_BRIDGE,True,True,False,False,False,False,False,False,False,False,False,MORITA_UNIFIED_FLOW_V3_8_PIT_BAND_RECOVERY_RESEARCH_ONLY
MKSI,MKSI_136,,,,,,,,,,,,,,,,,,,,,,,,,,,,outputs/research_only/morita_historical_pit_evidence_v1_1/20260712T174155Z/core_pit_guidance_events.csv:26,D_UNUSABLE,EPS_low|EPS_high|diluted_shares|reference_multiple|lineage,MISSING_REVENUE_BRIDGE,True,True,False,False,False,False,False,False,False,False,False,MORITA_UNIFIED_FLOW_V3_8_PIT_BAND_RECOVERY_RESEARCH_ONLY
MKSI,MKSI_137,,,,,,,,,,,,,,,,,,,,,,,,,,,,outputs/research_only/morita_historical_pit_evidence_v1_1/20260712T174155Z/core_pit_guidance_events.csv:26,D_UNUSABLE,EPS_low|EPS_high|diluted_shares|reference_multiple|lineage,MISSING_REVENUE_BRIDGE,True,True,False,False,False,False,False,False,False,False,False,MORITA_UNIFIED_FLOW_V3_8_PIT_BAND_RECOVERY_RESEARCH_ONLY
MKSI,MKSI_138,,,,,,,,,,,,,,,,,,,,,,,,,,,,outputs/research_only/morita_historical_pit_evidence_v1_1/20260712T174155Z/core_pit_guidance_events.csv:26,D_UNUSABLE,EPS_low|EPS_high|diluted_shares|reference_multiple|lineage,MISSING_REVENUE_BRIDGE,True,True,False,False,False,False,False,False,False,False,False,MORITA_UNIFIED_FLOW_V3_8_PIT_BAND_RECOVERY_RESEARCH_ONLY
MKSI,MKSI_139,,,,,,,,,,,,,,,,,,,,,,,,,,,,outputs/research_only/morita_historical_pit_evidence_v1_1/20260712T174155Z/core_pit_guidance_events.csv:26,D_UNUSABLE,EPS_low|EPS_high|diluted_shares|reference_multiple|lineage,MISSING_REVENUE_BRIDGE,True,True,False,False,False,False,False,False,False,False,False,MORITA_UNIFIED_FLOW_V3_8_PIT_BAND_RECOVERY_RESEARCH_ONLY
MKSI,MKSI_140,,,,,,,,,,,,,,,,,,,,,,,,,,,,outputs/research_only/morita_historical_pit_evidence_v1_1/20260712T174155Z/core_pit_guidance_events.csv:26,D_UNUSABLE,EPS_low|EPS_high|diluted_shares|reference_multiple|lineage,MISSING_REVENUE_BRIDGE,True,True,False,False,False,False,False,False,False,False,False,MORITA_UNIFIED_FLOW_V3_8_PIT_BAND_RECOVERY_RESEARCH_ONLY
MKSI,MKSI_141,,,,,,,,,,,,,,,,,,,,,,,,,,,,outputs/research_only/morita_historical_pit_evidence_v1_1/20260712T174155Z/core_pit_guidance_events.csv:26,D_UNUSABLE,EPS_low|EPS_high|diluted_shares|reference_multiple|lineage,MISSING_REVENUE_BRIDGE,True,True,False,False,False,False,False,False,False,False,False,MORITA_UNIFIED_FLOW_V3_8_PIT_BAND_RECOVERY_RESEARCH_ONLY
